norm_number,Patent Number,Kind Code,Date Published,Filing Date,target_xml
12632709,12632709,B1,2026-05-19,2025-06-06,ipg260519.xml
12613164,12613164,B1,2026-04-28,2025-08-27,ipg260428.xml
12615334,12615334,B1,2026-04-28,2025-10-07,ipg260428.xml
12613897,12613897,B1,2026-04-28,2025-04-30,ipg260428.xml
12607996,12607996,B1,2026-04-21,2025-07-23,ipg260421.xml
12583715,12583715,B1,2026-03-24,2023-06-05,ipg260324.xml
12580833,12580833,B1,2026-03-17,2024-11-08,ipg260317.xml
12556441,12556441,B1,2026-02-17,2024-08-15,ipg260217.xml
12553766,12553766,B1,2026-02-17,2025-07-14,ipg260217.xml
12548341,12548341,B1,2026-02-10,2025-06-02,ipg260210.xml
12562280,12562280,B2,2026-02-24,2025-07-15,ipg260224.xml
12488622,12488622,B2,2025-12-02,2023-12-22,ipg251202.xml
12494086,12494086,B2,2025-12-09,2023-12-22,ipg251209.xml
12518567,12518567,B2,2026-01-06,2023-12-22,ipg260106.xml
12485330,12485330,B1,2025-12-02,2025-07-15,ipg251202.xml
12479606,12479606,B1,2025-11-25,2023-03-30,ipg251125.xml
12480275,12480275,B1,2025-11-25,2022-11-09,ipg251125.xml
12469004,12469004,B1,2025-11-11,2023-03-24,ipg251111.xml
12452363,12452363,B1,2025-10-21,2023-09-01,ipg251021.xml
12351059,12351059,B1,2025-07-08,2024-06-28,ipg250708.xml
12625255,12625255,B2,2026-05-12,2024-01-24,ipg260512.xml
12511997,12511997,B2,2025-12-30,2024-10-10,ipg251230.xml
12448236,12448236,B2,2025-10-21,2024-11-22,ipg251021.xml
12398837,12398837,B2,2025-08-26,2023-08-10,ipg250826.xml
12252268,12252268,B2,2025-03-18,2024-10-07,ipg250318.xml
12203373,12203373,B2,2025-01-21,2022-12-22,ipg250121.xml
12202634,12202634,B1,2025-01-21,2023-03-30,ipg250121.xml
12608939,12608939,B2,2026-04-21,2023-07-13,ipg260421.xml
12562061,12562061,B2,2026-02-24,2024-04-15,ipg260224.xml
12200406,12200406,B1,2025-01-14,2024-07-03,ipg250114.xml
12197373,12197373,B1,2025-01-14,2021-02-11,ipg250114.xml
12571646,12571646,B2,2026-03-10,2023-06-15,ipg260310.xml
12620176,12620176,B2,2026-05-05,2022-08-24,ipg260505.xml
12159385,12159385,B1,2024-12-03,2024-06-13,ipg241203.xml
12639952,12639952,B2,2026-05-26,2024-05-23,ipg260526.xml
12550299,12550299,B2,2026-02-10,2023-05-09,ipg260210.xml
12139279,12139279,B1,2024-11-12,2020-05-19,ipg241112.xml
12313099,12313099,B2,2025-05-27,2024-05-02,ipg250527.xml
12395397,12395397,B2,2025-08-19,2023-03-31,ipg250819.xml
12306073,12306073,B2,2025-05-20,2023-02-08,ipg250520.xml
12094200,12094200,B1,2024-09-17,2023-11-05,ipg240917.xml
12271729,12271729,B2,2025-04-08,2023-02-28,ipg250408.xml
12360537,12360537,B2,2025-07-15,2024-04-17,ipg250715.xml
12443182,12443182,B2,2025-10-14,2022-11-10,ipg251014.xml
12062231,12062231,B2,2024-08-13,2023-11-02,ipg240813.xml
11985044,11985044,B1,2024-05-14,2022-11-01,ipg240514.xml
12197829,12197829,B2,2025-01-14,2023-11-14,ipg250114.xml
12468892,12468892,B2,2025-11-11,2023-06-16,ipg251111.xml
12072298,12072298,B2,2024-08-27,2021-08-09,ipg240827.xml
12451021,12451021,B2,2025-10-21,2022-08-04,ipg251021.xml
12228897,12228897,B2,2025-02-18,2023-07-18,ipg250218.xml
11868869,11868869,B1,2024-01-09,2023-06-28,ipg240109.xml
11908121,11908121,B2,2024-02-20,2023-08-08,ipg240220.xml
12481282,12481282,B2,2025-11-25,2021-09-23,ipg251125.xml
12462291,12462291,B2,2025-11-04,2021-10-06,ipg251104.xml
12184509,12184509,B2,2024-12-31,2022-05-16,ipg241231.xml
12326935,12326935,B2,2025-06-10,2022-08-23,ipg250610.xml
11972253,11972253,B2,2024-04-30,2022-04-21,ipg240430.xml
12556454,12556454,B2,2026-02-17,2021-08-23,ipg260217.xml
12332615,12332615,B2,2025-06-17,2022-03-31,ipg250617.xml
12286120,12286120,B2,2025-04-29,2022-12-13,ipg250429.xml
12125262,12125262,B2,2024-10-22,2022-03-08,ipg241022.xml
12585971,12585971,B2,2026-03-24,2023-02-15,ipg260324.xml
12043415,12043415,B2,2024-07-23,2022-12-07,ipg240723.xml
12484096,12484096,B2,2025-11-25,2021-05-13,ipg251125.xml
12528749,12528749,B2,2026-01-20,2021-06-04,ipg260120.xml
12207861,12207861,B2,2025-01-28,2021-12-30,ipg250128.xml
11691727,11691727,B1,2023-07-04,2020-09-08,ipg230704.xml
12275428,12275428,B2,2025-04-15,2021-05-11,ipg250415.xml
11867055,11867055,B2,2024-01-09,2021-12-08,ipg240109.xml
12577048,12577048,B2,2026-03-17,2021-04-27,ipg260317.xml
12607031,12607031,B2,2026-04-21,2023-11-06,ipg260421.xml
11833762,11833762,B2,2023-12-05,2022-10-17,ipg231205.xml
11645877,11645877,B1,2023-05-09,2022-07-27,ipg230509.xml
12205415,12205415,B2,2025-01-21,2023-04-28,ipg250121.xml
12252899,12252899,B2,2025-03-18,2022-10-31,ipg250318.xml
12602597,12602597,B2,2026-04-14,2021-09-27,ipg260414.xml
12639620,12639620,B2,2026-05-26,2021-09-27,ipg260526.xml
12143894,12143894,B2,2024-11-12,2021-08-30,ipg241112.xml
12422158,12422158,B2,2025-09-23,2022-08-30,ipg250923.xml
11594021,11594021,B1,2023-02-28,2022-08-26,ipg230228.xml
12214806,12214806,B2,2025-02-04,2021-08-11,ipg250204.xml
11689412,11689412,B2,2023-06-27,2021-08-04,ipg230627.xml
12141759,12141759,B2,2024-11-12,2021-08-04,ipg241112.xml
11573005,11573005,B1,2023-02-07,2022-06-02,ipg230207.xml
11769381,11769381,B2,2023-09-26,2021-07-20,ipg230926.xml
11626002,11626002,B2,2023-04-11,2021-07-15,ipg230411.xml
11875661,11875661,B2,2024-01-16,2022-12-06,ipg240116.xml
12223819,12223819,B2,2025-02-11,2023-11-14,ipg250211.xml
11858121,11858121,B2,2024-01-02,2021-08-11,ipg240102.xml
11554479,11554479,B1,2023-01-17,2022-08-31,ipg230117.xml
11955020,11955020,B2,2024-04-09,2021-06-09,ipg240409.xml
12509071,12509071,B2,2025-12-30,2020-09-25,ipg251230.xml
11805461,11805461,B2,2023-10-31,2022-08-08,ipg231031.xml
12456154,12456154,B2,2025-10-28,2022-04-12,ipg251028.xml
11770020,11770020,B2,2023-09-26,2022-07-27,ipg230926.xml
11493939,11493939,B1,2022-11-08,2020-03-16,ipg221108.xml
11812196,11812196,B2,2023-11-07,2021-11-18,ipg231107.xml
11881015,11881015,B2,2024-01-23,2020-06-08,ipg240123.xml
11993298,11993298,B2,2024-05-28,2020-10-19,ipg240528.xml
11920814,11920814,B2,2024-03-05,2022-03-24,ipg240305.xml
12061459,12061459,B2,2024-08-13,2021-03-24,ipg240813.xml
11714940,11714940,B2,2023-08-01,2022-06-29,ipg230801.xml
11797733,11797733,B2,2023-10-24,2022-03-17,ipg231024.xml
12462080,12462080,B2,2025-11-04,2023-06-16,ipg251104.xml
12586140,12586140,B2,2026-03-24,2022-05-31,ipg260324.xml
11466805,11466805,B2,2022-10-11,2022-03-03,ipg221011.xml
11436777,11436777,B1,2022-09-06,2021-02-05,ipg220906.xml
11769285,11769285,B2,2023-09-26,2022-08-01,ipg230926.xml
12250044,12250044,B2,2025-03-11,2022-05-19,ipg250311.xml
11583770,11583770,B2,2023-02-21,2021-06-21,ipg230221.xml
11850515,11850515,B2,2023-12-26,2022-07-29,ipg231226.xml
12214283,12214283,B2,2025-02-04,2023-11-14,ipg250204.xml
12365374,12365374,B2,2025-07-22,2020-06-12,ipg250722.xml
11415425,11415425,B1,2022-08-16,2021-09-14,ipg220816.xml
11416369,11416369,B1,2022-08-16,2020-12-18,ipg220816.xml
11940894,11940894,B2,2024-03-26,2022-08-15,ipg240326.xml
12130204,12130204,B2,2024-10-29,2020-08-05,ipg241029.xml
11818640,11818640,B2,2023-11-14,2021-01-29,ipg231114.xml
11393114,11393114,B1,2022-07-19,2018-11-08,ipg220719.xml
12307698,12307698,B1,2025-05-20,2022-06-16,ipg250520.xml
12124926,12124926,B2,2024-10-22,2021-01-22,ipg241022.xml
11696571,11696571,B2,2023-07-11,2021-12-15,ipg230711.xml
12389886,12389886,B2,2025-08-19,2023-05-30,ipg250819.xml
11981337,11981337,B2,2024-05-14,2019-12-10,ipg240514.xml
11348464,11348464,B1,2022-05-31,2022-01-11,ipg220531.xml
11880347,11880347,B2,2024-01-23,2021-04-02,ipg240123.xml
12579120,12579120,B2,2026-03-17,2023-12-08,ipg260317.xml
12012728,12012728,B2,2024-06-18,2020-03-04,ipg240618.xml
12020558,12020558,B2,2024-06-25,2020-03-18,ipg240625.xml
11593952,11593952,B2,2023-02-28,2021-11-04,ipg230228.xml
11935288,11935288,B2,2024-03-19,2022-01-03,ipg240319.xml
11807278,11807278,B2,2023-11-07,2020-10-21,ipg231107.xml
12632950,12632950,B2,2026-05-19,2021-09-27,ipg260519.xml
11932244,11932244,B2,2024-03-19,2021-09-15,ipg240319.xml
12347038,12347038,B2,2025-07-01,2020-09-22,ipg250701.xml
11853953,11853953,B2,2023-12-26,2021-03-22,ipg231226.xml
12101223,12101223,B2,2024-09-24,2019-09-11,ipg240924.xml
12118703,12118703,B2,2024-10-15,2021-07-01,ipg241015.xml
11302034,11302034,B2,2022-04-12,2020-07-09,ipg220412.xml
11216663,11216663,B1,2022-01-04,2020-12-01,ipg220104.xml
11293146,11293146,B2,2022-04-05,2019-11-27,ipg220405.xml
12031922,12031922,B2,2024-07-09,2020-09-30,ipg240709.xml
11361537,11361537,B2,2022-06-14,2020-06-15,ipg220614.xml
11636359,11636359,B2,2023-04-25,2020-06-15,ipg230425.xml
11410404,11410404,B2,2022-08-09,2021-03-23,ipg220809.xml
11785022,11785022,B2,2023-10-10,2020-06-16,ipg231010.xml
11443642,11443642,B2,2022-09-13,2019-06-29,ipg220913.xml
11655701,11655701,B2,2023-05-23,2020-05-01,ipg230523.xml
11514798,11514798,B2,2022-11-29,2020-04-30,ipg221129.xml
12449151,12449151,B2,2025-10-21,2021-04-14,ipg251021.xml
12051047,12051047,B2,2024-07-30,2020-04-07,ipg240730.xml
11360464,11360464,B2,2022-06-14,2021-05-03,ipg220614.xml
11924843,11924843,B2,2024-03-05,2021-03-30,ipg240305.xml
11561546,11561546,B2,2023-01-24,2018-09-28,ipg230124.xml
11656298,11656298,B2,2023-05-23,2021-01-28,ipg230523.xml
11586201,11586201,B2,2023-02-21,2020-08-28,ipg230221.xml
12227304,12227304,B2,2025-02-18,2019-06-26,ipg250218.xml
11790509,11790509,B2,2023-10-17,2021-01-28,ipg231017.xml
11822423,11822423,B2,2023-11-21,2021-02-12,ipg231121.xml
11726194,11726194,B2,2023-08-15,2021-03-31,ipg230815.xml
11654903,11654903,B2,2023-05-23,2021-01-27,ipg230523.xml
11306857,11306857,B2,2022-04-19,2021-04-12,ipg220419.xml
11714878,11714878,B2,2023-08-01,2021-01-19,ipg230801.xml
12130890,12130890,B2,2024-10-29,2023-06-16,ipg241029.xml
11037024,11037024,B1,2021-06-15,2019-11-29,ipg210615.xml
11874676,11874676,B2,2024-01-16,2020-11-21,ipg240116.xml
12353222,12353222,B2,2025-07-08,2023-12-07,ipg250708.xml
11359492,11359492,B2,2022-06-14,2020-11-24,ipg220614.xml
11513233,11513233,B2,2022-11-29,2018-08-29,ipg221129.xml
11710085,11710085,B2,2023-07-25,2019-11-26,ipg230725.xml
12124979,12124979,B2,2024-10-22,2023-05-31,ipg241022.xml
11511493,11511493,B2,2022-11-29,2020-11-13,ipg221129.xml
11719005,11719005,B2,2023-08-08,2019-11-13,ipg230808.xml
11521026,11521026,B2,2022-12-06,2020-09-28,ipg221206.xml
11738461,11738461,B2,2023-08-29,2020-10-14,ipg230829.xml
11959057,11959057,B2,2024-04-16,2020-10-16,ipg240416.xml
12056917,12056917,B2,2024-08-06,2020-10-02,ipg240806.xml
12089038,12089038,B2,2024-09-10,2020-09-28,ipg240910.xml
11938964,11938964,B2,2024-03-26,2020-08-27,ipg240326.xml
11481734,11481734,B2,2022-10-25,2020-09-11,ipg221025.xml
11475385,11475385,B2,2022-10-18,2021-10-21,ipg221018.xml
12443902,12443902,B2,2025-10-14,2020-11-18,ipg251014.xml
11397606,11397606,B2,2022-07-26,2019-08-14,ipg220726.xml
11277317,11277317,B2,2022-03-15,2019-08-05,ipg220315.xml
11310126,11310126,B2,2022-04-19,2019-08-05,ipg220419.xml
11618455,11618455,B2,2023-04-04,2019-08-01,ipg230404.xml
11620742,11620742,B2,2023-04-04,2020-07-14,ipg230404.xml
12270561,12270561,B2,2025-04-08,2019-07-16,ipg250408.xml
12378783,12378783,B2,2025-08-05,2020-06-19,ipg250805.xml
11448544,11448544,B2,2022-09-20,2020-06-17,ipg220920.xml
11361423,11361423,B2,2022-06-14,2020-06-17,ipg220614.xml
11158173,11158173,B2,2021-10-26,2020-08-04,ipg211026.xml
11127295,11127295,B2,2021-09-21,2019-01-22,ipg210921.xml
10825340,10825340,B1,2020-11-03,2017-11-17,ipg201103.xml
11710402,11710402,B2,2023-07-25,2020-10-15,ipg230725.xml
12190726,12190726,B2,2025-01-07,2023-07-24,ipg250107.xml
11491296,11491296,B2,2022-11-08,2020-03-31,ipg221108.xml
10778601,10778601,B1,2020-09-15,2014-12-23,ipg200915.xml
11534919,11534919,B2,2022-12-27,2019-03-06,ipg221227.xml
11969901,11969901,B2,2024-04-30,2022-11-22,ipg240430.xml
11288970,11288970,B2,2022-03-29,2019-12-09,ipg220329.xml
11514800,11514800,B2,2022-11-29,2022-02-25,ipg221129.xml
11551563,11551563,B2,2023-01-10,2022-02-25,ipg230110.xml
10834610,10834610,B2,2020-11-10,2019-02-11,ipg201110.xml
11377212,11377212,B2,2022-07-05,2020-02-07,ipg220705.xml
10892961,10892961,B2,2021-01-12,2019-02-08,ipg210112.xml
11125537,11125537,B2,2021-09-21,2020-01-17,ipg210921.xml
10917168,10917168,B2,2021-02-09,2019-12-18,ipg210209.xml
11443515,11443515,B2,2022-09-13,2019-11-26,ipg220913.xml
11640462,11640462,B2,2023-05-02,2022-08-03,ipg230502.xml
11861002,11861002,B2,2024-01-02,2023-02-19,ipg240102.xml
12118085,12118085,B2,2024-10-15,2023-09-20,ipg241015.xml
12314388,12314388,B2,2025-05-27,2023-11-20,ipg250527.xml
11492905,11492905,B2,2022-11-08,2019-08-30,ipg221108.xml
11521081,11521081,B2,2022-12-06,2018-05-08,ipg221206.xml
11555912,11555912,B2,2023-01-17,2019-04-29,ipg230117.xml
10630704,10630704,B1,2020-04-21,2019-07-26,ipg200421.xml
10630716,10630716,B1,2020-04-21,2019-07-25,ipg200421.xml
10630703,10630703,B1,2020-04-21,2019-07-25,ipg200421.xml
10630715,10630715,B1,2020-04-21,2019-07-25,ipg200421.xml
11022561,11022561,B2,2021-06-01,2019-10-07,ipg210601.xml
11614410,11614410,B2,2023-03-28,2021-03-18,ipg230328.xml
10602383,10602383,B1,2020-03-24,2018-10-15,ipg200324.xml
10902207,10902207,B2,2021-01-26,2018-09-13,ipg210126.xml
10584971,10584971,B1,2020-03-10,2016-10-28,ipg200310.xml
11293761,11293761,B2,2022-04-05,2020-03-09,ipg220405.xml
11412429,11412429,B2,2022-08-09,2018-05-04,ipg220809.xml
10871444,10871444,B2,2020-12-22,2018-12-10,ipg201222.xml
11415486,11415486,B2,2022-08-16,2018-08-30,ipg220816.xml
11740160,11740160,B2,2023-08-29,2022-08-04,ipg230829.xml
12098980,12098980,B2,2024-09-24,2023-07-13,ipg240924.xml
10581851,10581851,B1,2020-03-03,2019-07-17,ipg200303.xml
11201865,11201865,B2,2021-12-14,2020-01-23,ipg211214.xml
12309174,12309174,B2,2025-05-20,2021-11-19,ipg250520.xml
10571283,10571283,B1,2020-02-25,2017-04-07,ipg200225.xml
10573168,10573168,B1,2020-02-25,2018-10-26,ipg200225.xml
RE49864,RE49864,E,2024-03-05,2022-02-24,ipg240305.xml
10574683,10574683,B1,2020-02-25,2019-07-25,ipg200225.xml
11568597,11568597,B2,2023-01-31,2019-07-26,ipg230131.xml
11442438,11442438,B2,2022-09-13,2019-07-26,ipg220913.xml
10642265,10642265,B2,2020-05-05,2018-08-09,ipg200505.xml
11001979,11001979,B2,2021-05-11,2019-08-09,ipg210511.xml
11505903,11505903,B2,2022-11-22,2021-05-10,ipg221122.xml
11487264,11487264,B2,2022-11-01,2018-08-10,ipg221101.xml
10558226,10558226,B1,2020-02-11,2016-08-22,ipg200211.xml
11566402,11566402,B2,2023-01-31,2018-03-28,ipg230131.xml
11920327,11920327,B2,2024-03-05,2023-01-27,ipg240305.xml
10614709,10614709,B2,2020-04-07,2019-07-08,ipg200407.xml
10803745,10803745,B2,2020-10-13,2020-01-30,ipg201013.xml
11847913,11847913,B2,2023-12-19,2020-09-08,ipg231219.xml
12394311,12394311,B2,2025-08-19,2023-11-08,ipg250819.xml
11106208,11106208,B2,2021-08-31,2018-07-10,ipg210831.xml
11842642,11842642,B2,2023-12-12,2019-06-19,ipg231212.xml
11098455,11098455,B2,2021-08-24,2019-06-05,ipg210824.xml
10497250,10497250,B1,2019-12-03,2018-09-20,ipg191203.xml
10943464,10943464,B1,2021-03-09,2019-10-30,ipg210309.xml
11495126,11495126,B2,2022-11-08,2019-05-08,ipg221108.xml
12555471,12555471,B2,2026-02-17,2022-10-31,ipg260217.xml
11094191,11094191,B2,2021-08-17,2019-04-27,ipg210817.xml
11262196,11262196,B2,2022-03-01,2019-04-11,ipg220301.xml
12007227,12007227,B2,2024-06-11,2022-02-09,ipg240611.xml
10589740,10589740,B2,2020-03-17,2018-04-16,ipg200317.xml
10761894,10761894,B2,2020-09-01,2018-10-31,ipg200901.xml
10929193,10929193,B2,2021-02-23,2019-08-05,ipg210223.xml
11561541,11561541,B2,2023-01-24,2019-04-08,ipg230124.xml
11467590,11467590,B2,2022-10-11,2019-04-08,ipg221011.xml
10778517,10778517,B2,2020-09-15,2018-03-23,ipg200915.xml
11082293,11082293,B2,2021-08-03,2020-05-05,ipg210803.xml
10635067,10635067,B2,2020-04-28,2018-11-19,ipg200428.xml
11442836,11442836,B2,2022-09-13,2019-02-15,ipg220913.xml
12386722,12386722,B2,2025-08-12,2022-07-22,ipg250812.xml
11546360,11546360,B2,2023-01-03,2019-02-19,ipg230103.xml
10380498,10380498,B1,2019-08-13,2015-05-22,ipg190813.xml
10867512,10867512,B2,2020-12-15,2019-02-05,ipg201215.xml
11854391,11854391,B2,2023-12-26,2020-10-21,ipg231226.xml
10742874,10742874,B2,2020-08-11,2019-03-27,ipg200811.xml
10353694,10353694,B1,2019-07-16,2018-01-12,ipg190716.xml
10821971,10821971,B1,2020-11-03,2018-02-13,ipg201103.xml
10831191,10831191,B1,2020-11-10,2018-03-26,ipg201110.xml
11127290,11127290,B1,2021-09-21,2015-11-06,ipg210921.xml
11645064,11645064,B2,2023-05-09,2020-10-23,ipg230509.xml
12032945,12032945,B2,2024-07-09,2023-04-13,ipg240709.xml
12524219,12524219,B2,2026-01-13,2022-10-27,ipg260113.xml
11074292,11074292,B2,2021-07-27,2018-12-21,ipg210727.xml
10817402,10817402,B2,2020-10-27,2018-01-03,ipg201027.xml
11199823,11199823,B2,2021-12-14,2017-12-22,ipg211214.xml
11135611,11135611,B2,2021-10-05,2018-10-31,ipg211005.xml
11717843,11717843,B2,2023-08-08,2021-09-06,ipg230808.xml
11724275,11724275,B2,2023-08-15,2021-09-06,ipg230815.xml
11931754,11931754,B2,2024-03-19,2021-09-06,ipg240319.xml
11014238,11014238,B2,2021-05-25,2017-11-27,ipg210525.xml
12005586,12005586,B2,2024-06-11,2021-05-11,ipg240611.xml
10783680,10783680,B2,2020-09-22,2019-01-16,ipg200922.xml
11908048,11908048,B2,2024-02-20,2020-08-21,ipg240220.xml
11273575,11273575,B2,2022-03-15,2017-04-11,ipg220315.xml
11022976,11022976,B2,2021-06-01,2017-04-07,ipg210601.xml
11105662,11105662,B2,2021-08-31,2018-11-02,ipg210831.xml
11001319,11001319,B2,2021-05-11,2018-09-27,ipg210511.xml
11014667,11014667,B2,2021-05-25,2018-03-27,ipg210525.xml
11017189,11017189,B2,2021-05-25,2018-10-11,ipg210525.xml
10692365,10692365,B2,2020-06-23,2018-09-19,ipg200623.xml
11430328,11430328,B2,2022-08-30,2020-01-30,ipg220830.xml
11881101,11881101,B2,2024-01-23,2022-05-11,ipg240123.xml
11495118,11495118,B2,2022-11-08,2018-06-26,ipg221108.xml
11875665,11875665,B2,2024-01-16,2022-10-20,ipg240116.xml
10909866,10909866,B2,2021-02-02,2018-11-05,ipg210202.xml
12046145,12046145,B2,2024-07-23,2020-11-25,ipg240723.xml
12094355,12094355,B2,2024-09-17,2020-11-25,ipg240917.xml
12112650,12112650,B2,2024-10-08,2020-11-25,ipg241008.xml
12322294,12322294,B2,2025-06-03,2020-11-25,ipg250603.xml
10225005,10225005,B1,2019-03-05,2018-03-09,ipg190305.xml
10682989,10682989,B2,2020-06-16,2018-08-29,ipg200616.xml
10776880,10776880,B2,2020-09-15,2017-12-22,ipg200915.xml
10977740,10977740,B2,2021-04-13,2020-04-30,ipg210413.xml
11875410,11875410,B2,2024-01-16,2021-03-10,ipg240116.xml
10732011,10732011,B2,2020-08-04,2017-11-22,ipg200804.xml
11231709,11231709,B2,2022-01-25,2018-08-06,ipg220125.xml
10727930,10727930,B2,2020-07-28,2018-07-30,ipg200728.xml
11449050,11449050,B2,2022-09-20,2018-07-19,ipg220920.xml
11467574,11467574,B2,2022-10-11,2018-07-19,ipg221011.xml
10181161,10181161,B1,2019-01-15,2015-05-15,ipg190115.xml
11481714,11481714,B2,2022-10-25,2017-12-20,ipg221025.xml
10917483,10917483,B2,2021-02-09,2018-06-22,ipg210209.xml
11553055,11553055,B2,2023-01-10,2021-01-07,ipg230110.xml
10516351,10516351,B2,2019-12-24,2016-09-20,ipg191224.xml
11260545,11260545,B2,2022-03-01,2020-10-07,ipg220301.xml
10628253,10628253,B2,2020-04-21,2018-05-15,ipg200421.xml
10534337,10534337,B2,2020-01-14,2017-05-04,ipg200114.xml
11137732,11137732,B2,2021-10-05,2019-12-16,ipg211005.xml
10100541,10100541,B1,2018-10-16,2017-03-30,ipg181016.xml
10081366,10081366,B1,2018-09-25,2016-05-04,ipg180925.xml
10372143,10372143,B2,2019-08-06,2018-03-19,ipg190806.xml
10614222,10614222,B2,2020-04-07,2017-02-21,ipg200407.xml
10303443,10303443,B2,2019-05-28,2017-03-09,ipg190528.xml
10664242,10664242,B2,2020-05-26,2017-09-15,ipg200526.xml
10354501,10354501,B2,2019-07-16,2016-11-08,ipg190716.xml
10574559,10574559,B2,2020-02-25,2016-11-10,ipg200225.xml
10999180,10999180,B2,2021-05-04,2020-01-28,ipg210504.xml
10880623,10880623,B2,2020-12-29,2017-06-11,ipg201229.xml
10372591,10372591,B2,2019-08-06,2016-09-07,ipg190806.xml
9906413,9906413,B1,2018-02-27,2014-12-18,ipg180227.xml
9898558,9898558,B1,2018-02-20,2017-04-20,ipg180220.xml
10146892,10146892,B2,2018-12-04,2018-01-11,ipg181204.xml
10169444,10169444,B2,2019-01-01,2016-08-15,ipg190101.xml
10962133,10962133,B2,2021-03-30,2016-11-10,ipg210330.xml
12540687,12540687,B1,2026-02-03,2022-10-06,ipg260203.xml
10580310,10580310,B2,2020-03-03,2017-07-11,ipg200303.xml
11526744,11526744,B2,2022-12-13,2017-05-31,ipg221213.xml
10331141,10331141,B2,2019-06-25,2016-06-30,ipg190625.xml
10738456,10738456,B2,2020-08-11,2016-01-13,ipg200811.xml
9823658,9823658,B1,2017-11-21,2016-12-22,ipg171121.xml
9965965,9965965,B1,2018-05-08,2017-04-05,ipg180508.xml
9802661,9802661,B1,2017-10-31,2016-10-28,ipg171031.xml
10259514,10259514,B2,2019-04-16,2017-09-27,ipg190416.xml
11167812,11167812,B2,2021-11-09,2019-03-29,ipg211109.xml
9964948,9964948,B2,2018-05-08,2017-02-10,ipg180508.xml
9784599,9784599,B1,2017-10-10,2012-10-17,ipg171010.xml
10162698,10162698,B2,2018-12-25,2016-06-01,ipg181225.xml
10846167,10846167,B2,2020-11-24,2018-11-29,ipg201124.xml
9736699,9736699,B1,2017-08-15,2015-07-28,ipg170815.xml
10967970,10967970,B2,2021-04-06,2017-02-03,ipg210406.xml
10997329,10997329,B2,2021-05-04,2016-02-01,ipg210504.xml
10217207,10217207,B2,2019-02-26,2017-01-20,ipg190226.xml
10853931,10853931,B2,2020-12-01,2019-01-11,ipg201201.xml
10521973,10521973,B2,2019-12-31,2015-12-17,ipg191231.xml
10044563,10044563,B2,2018-08-07,2015-12-22,ipg180807.xml
10547507,10547507,B2,2020-01-28,2018-04-26,ipg200128.xml
9921068,9921068,B2,2018-03-20,2017-03-09,ipg180320.xml
9990836,9990836,B2,2018-06-05,2017-01-17,ipg180605.xml
9940222,9940222,B2,2018-04-10,2015-11-20,ipg180410.xml
9961572,9961572,B2,2018-05-01,2016-10-24,ipg180501.xml
10363684,10363684,B2,2019-07-30,2016-12-09,ipg190730.xml
9575491,9575491,B1,2017-02-21,2015-09-03,ipg170221.xml
10444256,10444256,B2,2019-10-15,2015-08-07,ipg191015.xml
9995086,9995086,B2,2018-06-12,2014-12-09,ipg180612.xml
10168287,10168287,B2,2019-01-01,2015-06-12,ipg190101.xml
11009469,11009469,B2,2021-05-18,2018-12-29,ipg210518.xml
10925536,10925536,B2,2021-02-23,2015-01-05,ipg210223.xml
9494940,9494940,B1,2016-11-15,2015-11-04,ipg161115.xml
9547977,9547977,B2,2017-01-17,2016-07-19,ipg170117.xml
10315740,10315740,B2,2019-06-11,2014-11-05,ipg190611.xml
9789628,9789628,B2,2017-10-17,2014-09-30,ipg171017.xml
10228278,10228278,B2,2019-03-12,2013-11-22,ipg190312.xml
9652985,9652985,B2,2017-05-16,2015-11-24,ipg170516.xml
9746444,9746444,B2,2017-08-29,2014-11-24,ipg170829.xml
9302301,9302301,B2,2016-04-05,2006-12-19,ipg160405.xml
9623554,9623554,B2,2017-04-18,2015-01-07,ipg170418.xml
9266625,9266625,B1,2016-02-23,2013-04-09,ipg160223.xml
10451294,10451294,B2,2019-10-22,2015-07-14,ipg191022.xml
10324223,10324223,B2,2019-06-18,2015-01-13,ipg190618.xml
9537954,9537954,B2,2017-01-03,2015-05-19,ipg170103.xml
10140786,10140786,B2,2018-11-27,2016-12-29,ipg181127.xml
10805396,10805396,B2,2020-10-13,2018-09-12,ipg201013.xml
9162753,9162753,B1,2015-10-20,2013-12-31,ipg151020.xml
9720411,9720411,B2,2017-08-01,2014-02-25,ipg170801.xml
9430318,9430318,B2,2016-08-30,2014-01-27,ipg160830.xml
9569061,9569061,B2,2017-02-14,2013-12-26,ipg170214.xml
9094816,9094816,B2,2015-07-28,2014-12-22,ipg150728.xml
9019117,9019117,B1,2015-04-28,2012-09-29,ipg150428.xml
9245436,9245436,B1,2016-01-26,2014-08-21,ipg160126.xml
9508243,9508243,B1,2016-11-29,2015-12-13,ipg161129.xml
10346747,10346747,B2,2019-07-09,2013-11-15,ipg190709.xml
10346745,10346745,B2,2019-07-09,2013-09-05,ipg190709.xml
8949042,8949042,B1,2015-02-03,2014-04-02,ipg150203.xml
8892347,8892347,B1,2014-11-18,2013-06-01,ipg141118.xml
9277632,9277632,B2,2016-03-01,2014-04-29,ipg160301.xml
8866606,8866606,B1,2014-10-21,2013-09-10,ipg141021.xml
9413155,9413155,B2,2016-08-09,2014-02-19,ipg160809.xml
8880241,8880241,B2,2014-11-04,2013-02-20,ipg141104.xml
9440317,9440317,B2,2016-09-13,2013-01-07,ipg160913.xml
9697724,9697724,B2,2017-07-04,2011-09-22,ipg170704.xml
9767685,9767685,B2,2017-09-19,2017-04-05,ipg170919.xml
9928730,9928730,B2,2018-03-27,2017-09-01,ipg180327.xml
9466203,9466203,B2,2016-10-11,2013-10-11,ipg161011.xml
9550312,9550312,B2,2017-01-24,2013-10-11,ipg170124.xml
9467500,9467500,B2,2016-10-11,2013-04-16,ipg161011.xml
9800667,9800667,B2,2017-10-24,2016-09-27,ipg171024.xml
9069763,9069763,B2,2015-06-30,2012-07-02,ipg150630.xml
8943892,8943892,B2,2015-02-03,2012-05-11,ipg150203.xml
8950540,8950540,B2,2015-02-10,2012-10-11,ipg150210.xml
9070216,9070216,B2,2015-06-30,2012-12-12,ipg150630.xml
8725665,8725665,B2,2014-05-13,2012-08-20,ipg140513.xml
8831784,8831784,B2,2014-09-09,2011-12-21,ipg140909.xml
8805579,8805579,B2,2014-08-12,2011-02-19,ipg140812.xml
8786189,8786189,B2,2014-07-22,2011-11-18,ipg140722.xml
8807823,8807823,B2,2014-08-19,2010-10-11,ipg140819.xml
8950931,8950931,B2,2015-02-10,2014-07-03,ipg150210.xml
8645529,8645529,B2,2014-02-04,2010-11-19,ipg140204.xml
9164512,9164512,B2,2015-10-20,2009-11-27,ipg151020.xml
9014415,9014415,B2,2015-04-21,2011-04-22,ipg150421.xml
8731724,8731724,B2,2014-05-20,2011-09-27,ipg140520.xml
9639413,9639413,B2,2017-05-02,2014-05-08,ipg170502.xml
8659286,8659286,B2,2014-02-25,2011-07-01,ipg140225.xml
8924018,8924018,B2,2014-12-30,2009-04-20,ipg141230.xml
8924936,8924936,B2,2014-12-30,2013-06-21,ipg141230.xml
9176844,9176844,B2,2015-11-03,2014-10-09,ipg151103.xml
9442821,9442821,B2,2016-09-13,2015-09-03,ipg160913.xml
9753838,9753838,B2,2017-09-05,2016-07-21,ipg170905.xml
8812156,8812156,B2,2014-08-19,2010-05-06,ipg140819.xml
8631161,8631161,B2,2014-01-14,2009-09-30,ipg140114.xml
9546054,9546054,B1,2017-01-17,2014-09-29,ipg170117.xml
8706452,8706452,B2,2014-04-22,2009-06-24,ipg140422.xml
8640089,8640089,B2,2014-01-28,2012-07-25,ipg140128.xml
9361598,9361598,B2,2016-06-07,2014-01-22,ipg160607.xml
