__row,Source,Kind Code,Document ID,raw_number,norm_number,Date Published,Filing Date
0,US-PGPUB,A1,US 20260161801 A1,20260161801,20260161801,2026-06-11,2025-10-01
1,US-PGPUB,A1,US 20260160738 A1,20260160738,20260160738,2026-06-11,2025-12-04
2,USPAT,B2,US 12651200 B2,12651200,12651200,2026-06-09,2023-04-25
3,US-PGPUB,A1,US 20260154650 A1,20260154650,20260154650,2026-06-04,2023-11-22
4,US-PGPUB,A1,US 20260153482 A1,20260153482,20260153482,2026-06-04,2024-12-11
5,US-PGPUB,A1,US 20260155675 A1,20260155675,20260155675,2026-06-04,2026-01-21
6,US-PGPUB,A1,US 20260146912 A1,20260146912,20260146912,2026-05-28,2025-11-04
7,US-PGPUB,A1,US 20260140771 A1,20260140771,20260140771,2026-05-21,2024-11-18
8,USPAT,B1,US 12632709 B1,12632709,12632709,2026-05-19,2025-06-06
9,US-PGPUB,A1,US 20260133586 A1,20260133586,20260133586,2026-05-14,2025-11-12
10,US-PGPUB,A1,US 20260133053 A1,20260133053,20260133053,2026-05-14,2024-11-12
11,US-PGPUB,A1,US 20260132580 A1,20260132580,20260132580,2026-05-14,2025-10-07
12,US-PGPUB,A1,US 20260131909 A1,20260131909,20260131909,2026-05-14,2026-01-03
13,US-PGPUB,A1,US 20260126771 A1,20260126771,20260126771,2026-05-07,2025-10-24
14,US-PGPUB,A1,US 20260124391 A1,20260124391,20260124391,2026-05-07,2025-10-29
15,US-PGPUB,A1,US 20260126821 A1,20260126821,20260126821,2026-05-07,2025-12-03
16,US-PGPUB,A1,US 20260117936 A1,20260117936,20260117936,2026-04-30,2025-12-24
17,US-PGPUB,A1,US 20260118209 A1,20260118209,20260118209,2026-04-30,2025-01-02
18,USPAT,B1,US 12613164 B1,12613164,12613164,2026-04-28,2025-08-27
19,USPAT,B1,US 12615334 B1,12615334,12615334,2026-04-28,2025-10-07
20,USPAT,B1,US 12613897 B1,12613897,12613897,2026-04-28,2025-04-30
21,US-PGPUB,A1,US 20260112268 A1,20260112268,20260112268,2026-04-23,2024-05-11
22,USPAT,B1,US 12607996 B1,12607996,12607996,2026-04-21,2025-07-23
23,US-PGPUB,A1,US 20260103218 A1,20260103218,20260103218,2026-04-16,2023-09-28
24,US-PGPUB,A1,US 20260105582 A1,20260105582,20260105582,2026-04-16,2024-10-11
25,US-PGPUB,A1,US 20260104685 A1,20260104685,20260104685,2026-04-16,2025-10-14
26,US-PGPUB,A1,US 20260100927 A1,20260100927,20260100927,2026-04-09,2024-10-09
27,US-PGPUB,A1,US 20260089003 A1,20260089003,20260089003,2026-03-26,2025-07-21
28,US-PGPUB,A1,US 20260087402 A1,20260087402,20260087402,2026-03-26,2024-09-24
29,US-PGPUB,A1,US 20260087167 A1,20260087167,20260087167,2026-03-26,2025-02-14
30,USPAT,B1,US 12583715 B1,12583715,12583715,2026-03-24,2023-06-05
31,US-PGPUB,A1,US 20260079896 A1,20260079896,20260079896,2026-03-19,2025-11-21
32,USPAT,B1,US 12580833 B1,12580833,12580833,2026-03-17,2024-11-08
33,US-PGPUB,A1,US 20260136216 A1,20260136216,20260136216,2026-05-14,2024-11-20
34,US-PGPUB,A1,US 20260135759 A1,20260135759,20260135759,2026-05-14,2024-11-20
35,US-PGPUB,A1,US 20260135757 A1,20260135757,20260135757,2026-05-14,2024-11-20
36,US-PGPUB,A1,US 20260070230 A1,20260070230,20260070230,2026-03-12,2023-08-01
37,US-PGPUB,A1,US 20260072446 A1,20260072446,20260072446,2026-03-12,2024-08-22
38,US-PGPUB,A1,US 20260072417 A1,20260072417,20260072417,2026-03-12,2025-11-16
39,US-PGPUB,A1,US 20260072656 A1,20260072656,20260072656,2026-03-12,2025-08-15
40,US-PGPUB,A1,US 20260072759 A1,20260072759,20260072759,2026-03-12,2025-06-05
41,US-PGPUB,A1,US 20260073516 A1,20260073516,20260073516,2026-03-12,2025-09-28
42,US-PGPUB,A1,US 20260066968 A1,20260066968,20260066968,2026-03-05,2023-08-01
43,US-PGPUB,A1,US 20260063504 A1,20260063504,20260063504,2026-03-05,2023-08-29
44,US-PGPUB,A1,US 20260063025 A1,20260063025,20260063025,2026-03-05,2025-08-13
45,US-PGPUB,A1,US 20260063419 A1,20260063419,20260063419,2026-03-05,2025-08-27
46,US-PGPUB,A1,US 20260065680 A1,20260065680,20260065680,2026-03-05,2025-08-27
47,US-PGPUB,A1,US 20260057776 A1,20260057776,20260057776,2026-02-26,2025-05-27
48,US-PGPUB,A1,US 20260052520 A1,20260052520,20260052520,2026-02-19,2024-08-15
49,US-PGPUB,A1,US 20260049766 A1,20260049766,20260049766,2026-02-19,2025-07-28
50,US-PGPUB,A1,US 20260048591 A1,20260048591,20260048591,2026-02-19,2025-07-10
51,US-PGPUB,A1,US 20260048424 A1,20260048424,20260048424,2026-02-19,2024-08-16
52,USPAT,B1,US 12556441 B1,12556441,12556441,2026-02-17,2024-08-15
53,US-PGPUB,A1,US 20260052058 A1,20260052058,20260052058,2026-02-19,2024-08-15
54,USPAT,B1,US 12553766 B1,12553766,12553766,2026-02-17,2025-07-14
55,US-PGPUB,A1,US 20260044801 A1,20260044801,20260044801,2026-02-12,2025-10-17
56,USPAT,B1,US 12548341 B1,12548341,12548341,2026-02-10,2025-06-02
57,US-PGPUB,A1,US 20260037684 A1,20260037684,20260037684,2026-02-05,2025-07-14
58,US-PGPUB,A1,US 20260037683 A1,20260037683,20260037683,2026-02-05,2025-07-14
59,US-PGPUB,A1,US 20260030135 A1,20260030135,20260030135,2026-01-29,2025-07-23
60,US-PGPUB,A1,US 20260029780 A1,20260029780,20260029780,2026-01-29,2024-07-29
61,US-PGPUB,A1,US 20260029148 A1,20260029148,20260029148,2026-01-29,2025-07-21
62,US-PGPUB,A1,US 20260021594 A1,20260021594,20260021594,2026-01-22,2023-07-21
63,US-PGPUB,A1,US 20260024384 A1,20260024384,20260024384,2026-01-22,2024-07-22
64,US-PGPUB,A1,US 20260024661 A1,20260024661,20260024661,2026-01-22,2025-07-15
65,USPAT,B2,US 12562280 B2,12562280,12562280,2026-02-24,2025-07-15
66,US-PGPUB,A1,US 20260016830 A1,20260016830,20260016830,2026-01-15,2024-07-09
67,US-PGPUB,A1,US 20260016827 A1,20260016827,20260016827,2026-01-15,2024-07-09
68,US-PGPUB,A1,US 20260013429 A1,20260013429,20260013429,2026-01-15,2024-07-09
69,US-PGPUB,A1,US 20260017729 A1,20260017729,20260017729,2026-01-15,2024-07-09
70,US-PGPUB,A1,US 20260011173 A1,20260011173,20260011173,2026-01-08,2025-01-23
71,US-PGPUB,A1,US 20260011460 A1,20260011460,20260011460,2026-01-08,2024-07-06
72,US-PGPUB,A1,US 20260001564 A1,20260001564,20260001564,2026-01-01,2025-04-21
73,US-PGPUB,A1,US 20260005644 A1,20260005644,20260005644,2026-01-01,2024-06-27
74,US-PGPUB,A1,US 20250390623 A1,20250390623,20250390623,2025-12-25,2025-08-29
75,US-PGPUB,A1,US 20250371689 A1,20250371689,20250371689,2025-12-04,2024-05-28
76,USPAT,B2,US 12488622 B2,12488622,12488622,2025-12-02,2023-12-22
77,USPAT,B2,US 12494086 B2,12494086,12494086,2025-12-09,2023-12-22
78,USPAT,B2,US 12518567 B2,12518567,12518567,2026-01-06,2023-12-22
79,USPAT,B1,US 12485330 B1,12485330,12485330,2025-12-02,2025-07-15
80,US-PGPUB,A1,US 20250365210 A1,20250365210,20250365210,2025-11-27,2024-05-23
81,USPAT,B1,US 12479606 B1,12479606,12479606,2025-11-25,2023-03-30
82,USPAT,B1,US 12480275 B1,12480275,12480275,2025-11-25,2022-11-09
83,US-PGPUB,A1,US 20250356324 A1,20250356324,20250356324,2025-11-20,2025-08-01
84,US-PGPUB,A1,US 20250356438 A1,20250356438,20250356438,2025-11-20,2025-05-12
85,US-PGPUB,A1,US 20250348300 A1,20250348300,20250348300,2025-11-13,2024-05-08
86,US-PGPUB,A1,US 20250349022 A1,20250349022,20250349022,2025-11-13,2025-05-06
87,US-PGPUB,A1,US 20250348562 A1,20250348562,20250348562,2025-11-13,2025-07-20
88,US-PGPUB,A1,US 20250346364 A1,20250346364,20250346364,2025-11-13,2025-07-18
89,USPAT,B1,US 12469004 B1,12469004,12469004,2025-11-11,2023-03-24
90,US-PGPUB,A1,US 20260065222 A1,20260065222,20260065222,2026-03-05,2025-11-05
91,US-PGPUB,A1,US 20250341290 A1,20250341290,20250341290,2025-11-06,2025-07-17
92,US-PGPUB,A1,US 20250342412 A1,20250342412,20250342412,2025-11-06,2024-05-06
93,US-PGPUB,A1,US 20250334978 A1,20250334978,20250334978,2025-10-30,2023-05-22
94,US-PGPUB,A1,US 20250335423 A1,20250335423,20250335423,2025-10-30,2025-04-29
95,US-PGPUB,A1,US 20250330556 A1,20250330556,20250330556,2025-10-23,2024-04-23
96,USPAT,B1,US 12452363 B1,12452363,12452363,2025-10-21,2023-09-01
97,US-PGPUB,A1,US 20250314047 A1,20250314047,20250314047,2025-10-09,2024-04-09
98,US-PGPUB,A1,US 20250307487 A1,20250307487,20250307487,2025-10-02,2025-03-28
99,US-PGPUB,A1,US 20250297914 A1,20250297914,20250297914,2025-09-25,2024-03-20
100,US-PGPUB,A1,US 20250292342 A1,20250292342,20250292342,2025-09-18,2025-02-07
101,US-PGPUB,A1,US 20250282400 A1,20250282400,20250282400,2025-09-11,2024-11-04
102,US-PGPUB,A1,US 20250272914 A1,20250272914,20250272914,2025-08-28,2025-02-25
103,US-PGPUB,A1,US 20250272641 A1,20250272641,20250272641,2025-08-28,2023-04-20
104,US-PGPUB,A1,US 20250269529 A1,20250269529,20250269529,2025-08-28,2025-02-24
105,US-PGPUB,A1,US 20250266169 A1,20250266169,20250266169,2025-08-21,2024-10-27
106,US-PGPUB,A1,US 20250264873 A1,20250264873,20250264873,2025-08-21,2024-02-15
107,US-PGPUB,A1,US 20250258968 A1,20250258968,20250258968,2025-08-14,2023-05-19
108,US-PGPUB,A1,US 20250251256 A1,20250251256,20250251256,2025-08-07,2024-03-22
109,US-PGPUB,A1,US 20250246882 A1,20250246882,20250246882,2025-07-31,2024-01-26
110,US-PGPUB,A1,US 20250244741 A1,20250244741,20250244741,2025-07-31,2024-01-25
111,US-PGPUB,A1,US 20250224993 A1,20250224993,20250224993,2025-07-10,2024-01-05
112,US-PGPUB,A1,US 20250225263 A1,20250225263,20250225263,2025-07-10,2024-01-04
113,US-PGPUB,A1,US 20250225250 A1,20250225250,20250225250,2025-07-10,2024-01-04
114,USPAT,B1,US 12351059 B1,12351059,12351059,2025-07-08,2024-06-28
115,US-PGPUB,A1,US 20260001431 A1,20260001431,20260001431,2026-01-01,2025-05-16
116,US-PGPUB,A1,US 20250209571 A1,20250209571,20250209571,2025-06-26,2024-07-12
117,US-PGPUB,A1,US 20250209627 A1,20250209627,20250209627,2025-06-26,2025-03-17
118,US-PGPUB,A1,US 20250200488 A1,20250200488,20250200488,2025-06-19,2023-03-14
119,US-PGPUB,A1,US 20250196851 A1,20250196851,20250196851,2025-06-19,2024-12-18
120,US-PGPUB,A1,US 20250187616 A1,20250187616,20250187616,2025-06-12,2022-03-16
121,US-PGPUB,A1,US 20250182595 A1,20250182595,20250182595,2025-06-05,2023-12-01
122,US-PGPUB,A1,US 20250170921 A1,20250170921,20250170921,2025-05-29,2023-02-14
123,US-PGPUB,A1,US 20250164633 A1,20250164633,20250164633,2025-05-22,2024-01-24
124,USPAT,B2,US 12625255 B2,12625255,12625255,2026-05-12,2024-01-24
125,US-PGPUB,A1,US 20250155960 A1,20250155960,20250155960,2025-05-15,2024-09-26
126,US-PGPUB,A1,US 20250139581 A1,20250139581,20250139581,2025-05-01,2023-10-31
127,US-PGPUB,A1,US 20250136060 A1,20250136060,20250136060,2025-05-01,2024-10-28
128,US-PGPUB,A1,US 20250129552 A1,20250129552,20250129552,2025-04-24,2023-01-27
129,US-PGPUB,A1,US 20250128101 A1,20250128101,20250128101,2025-04-24,2024-10-17
130,US-PGPUB,A1,US 20250124198 A1,20250124198,20250124198,2025-04-17,2024-12-23
131,US-PGPUB,A1,US 20250124373 A1,20250124373,20250124373,2025-04-17,2024-09-18
132,US-PGPUB,A1,US 20250124787 A1,20250124787,20250124787,2025-04-17,2024-10-10
133,USPAT,B2,US 12511997 B2,12511997,12511997,2025-12-30,2024-10-10
134,US-PGPUB,A1,US 20250116535 A1,20250116535,20250116535,2025-04-10,2024-10-06
135,US-PGPUB,A1,US 20250117703 A1,20250117703,20250117703,2025-04-10,2024-09-30
136,US-PGPUB,A1,US 20250115283 A1,20250115283,20250115283,2025-04-10,2024-06-28
137,US-PGPUB,A1,US 20250118069 A1,20250118069,20250118069,2025-04-10,2023-10-04
138,US-PGPUB,A1,US 20250111677 A1,20250111677,20250111677,2025-04-03,2023-01-25
139,US-PGPUB,A1,US 20250111282 A1,20250111282,20250111282,2025-04-03,2024-09-27
140,US-PGPUB,A1,US 20250111668 A1,20250111668,20250111668,2025-04-03,2024-09-25
141,US-PGPUB,A1,US 20250091592 A1,20250091592,20250091592,2025-03-20,2024-11-26
142,US-PGPUB,A1,US 20250085189 A1,20250085189,20250085189,2025-03-13,2023-01-06
143,US-PGPUB,A1,US 20250083909 A1,20250083909,20250083909,2025-03-13,2024-11-22
144,USPAT,B2,US 12448236 B2,12448236,12448236,2025-10-21,2024-11-22
145,US-PGPUB,A1,US 20250078491 A1,20250078491,20250078491,2025-03-06,2022-12-28
146,US-PGPUB,A1,US 20250069178 A1,20250069178,20250069178,2025-02-27,2024-08-22
147,US-PGPUB,A1,US 20250052356 A1,20250052356,20250052356,2025-02-13,2023-08-10
148,USPAT,B2,US 12398837 B2,12398837,12398837,2025-08-26,2023-08-10
149,US-PGPUB,A1,US 20250045772 A1,20250045772,20250045772,2025-02-06,2023-09-19
150,US-PGPUB,A1,US 20250026491 A1,20250026491,20250026491,2025-01-23,2024-10-07
151,USPAT,B2,US 12252268 B2,12252268,12252268,2025-03-18,2024-10-07
152,US-PGPUB,A1,US 20250028338 A1,20250028338,20250028338,2025-01-23,2024-10-07
153,USPAT,B2,US 12203373 B2,12203373,12203373,2025-01-21,2022-12-22
154,USPAT,B1,US 12202634 B1,12202634,12202634,2025-01-21,2023-03-30
155,US-PGPUB,A1,US 20250022076 A1,20250022076,20250022076,2025-01-16,2022-07-27
156,US-PGPUB,A1,US 20250022273 A1,20250022273,20250022273,2025-01-16,2023-07-13
157,USPAT,B2,US 12608939 B2,12608939,12608939,2026-04-21,2023-07-13
158,US-PGPUB,A1,US 20250022373 A1,20250022373,20250022373,2025-01-16,2024-04-15
159,USPAT,B2,US 12562061 B2,12562061,12562061,2026-02-24,2024-04-15
160,US-PGPUB,A1,US 20250018939 A1,20250018939,20250018939,2025-01-16,2024-05-30
161,USPAT,B1,US 12200406 B1,12200406,12200406,2025-01-14,2024-07-03
162,USPAT,B1,US 12197373 B1,12197373,12197373,2025-01-14,2021-02-11
163,US-PGPUB,A1,US 20250014161 A1,20250014161,20250014161,2025-01-09,2022-11-19
164,US-PGPUB,A1,US 20240426471 A1,20240426471,20240426471,2024-12-26,2024-06-14
165,US-PGPUB,A1,US 20240427326 A1,20240427326,20240427326,2024-12-26,2023-06-23
166,US-PGPUB,A1,US 20240430387 A1,20240430387,20240430387,2024-12-26,2024-03-14
167,US-PGPUB,A1,US 20240428681 A1,20240428681,20240428681,2024-12-26,2024-06-14
168,US-PGPUB,A1,US 20240418530 A1,20240418530,20240418530,2024-12-19,2023-06-15
169,USPAT,B2,US 12571646 B2,12571646,12571646,2026-03-10,2023-06-15
170,US-PGPUB,A1,US 20240409114 A1,20240409114,20240409114,2024-12-12,2024-08-20
171,US-PGPUB,A1,US 20240404203 A1,20240404203,20240404203,2024-12-05,2022-08-24
172,USPAT,B2,US 12620176 B2,12620176,12620176,2026-05-05,2022-08-24
173,US-PGPUB,A1,US 20240402113 A1,20240402113,20240402113,2024-12-05,2024-08-05
174,USPAT,B1,US 12159385 B1,12159385,12159385,2024-12-03,2024-06-13
175,US-PGPUB,A1,US 20240395047 A1,20240395047,20240395047,2024-11-28,2024-05-23
176,USPAT,B2,US 12639952 B2,12639952,12639952,2026-05-26,2024-05-23
177,US-PGPUB,A1,US 20240386245 A1,20240386245,20240386245,2024-11-21,2024-05-14
178,US-PGPUB,A1,US 20240381582 A1,20240381582,20240381582,2024-11-14,2023-05-09
179,USPAT,B2,US 12550299 B2,12550299,12550299,2026-02-10,2023-05-09
180,US-PGPUB,A1,US 20260129807 A1,20260129807,20260129807,2026-05-07,2026-01-05
181,USPAT,B1,US 12139279 B1,12139279,12139279,2024-11-12,2020-05-19
182,US-PGPUB,A1,US 20240369083 A1,20240369083,20240369083,2024-11-07,2024-05-02
183,USPAT,B2,US 12313099 B2,12313099,12313099,2025-05-27,2024-05-02
184,US-PGPUB,A1,US 20240339026 A1,20240339026,20240339026,2024-10-10,2022-06-27
185,US-PGPUB,A1,US 20240333578 A1,20240333578,20240333578,2024-10-03,2023-03-31
186,USPAT,B2,US 12395397 B2,12395397,12395397,2025-08-19,2023-03-31
187,US-PGPUB,A1,US 20250323822 A1,20250323822,20250323822,2025-10-16,2025-06-24
188,US-PGPUB,A1,US 20240319047 A1,20240319047,20240319047,2024-09-26,2023-02-08
189,USPAT,B2,US 12306073 B2,12306073,12306073,2025-05-20,2023-02-08
190,USPAT,B1,US 12094200 B1,12094200,12094200,2024-09-17,2023-11-05
191,US-PGPUB,A1,US 20240302003 A1,20240302003,20240302003,2024-09-12,2022-01-14
192,US-PGPUB,A1,US 20240294189 A1,20240294189,20240294189,2024-09-05,2023-03-01
193,US-PGPUB,A1,US 20240294177 A1,20240294177,20240294177,2024-09-05,2023-03-01
194,US-PGPUB,A1,US 20240289112 A1,20240289112,20240289112,2024-08-29,2023-02-28
195,USPAT,B2,US 12271729 B2,12271729,12271729,2025-04-08,2023-02-28
196,US-PGPUB,A1,US 20240286624 A1,20240286624,20240286624,2024-08-29,2023-02-28
197,US-PGPUB,A1,US 20240264596 A1,20240264596,20240264596,2024-08-08,2024-04-17
198,USPAT,B2,US 12360537 B2,12360537,12360537,2025-07-15,2024-04-17
199,US-PGPUB,A1,US 20240265319 A1,20240265319,20240265319,2024-08-08,2024-01-24
200,US-PGPUB,A1,US 20240263544 A1,20240263544,20240263544,2024-08-08,2023-02-06
201,US-PGPUB,A1,US 20240256725 A1,20240256725,20240256725,2024-08-01,2024-01-29
202,US-PGPUB,A1,US 20240246531 A1,20240246531,20240246531,2024-07-25,2023-01-25
203,US-PGPUB,A1,US 20240210330 A1,20240210330,20240210330,2024-06-27,2021-05-10
204,US-PGPUB,A1,US 20240185608 A1,20240185608,20240185608,2024-06-06,2022-12-01
205,US-PGPUB,A1,US 20240168825 A1,20240168825,20240168825,2024-05-23,2023-01-09
206,US-PGPUB,A1,US 20240168479 A1,20240168479,20240168479,2024-05-23,2022-11-21
207,US-PGPUB,A1,US 20240160205 A1,20240160205,20240160205,2024-05-16,2022-11-10
208,USPAT,B2,US 12443182 B2,12443182,12443182,2025-10-14,2022-11-10
209,US-PGPUB,A1,US 20240153264 A1,20240153264,20240153264,2024-05-09,2023-11-02
210,USPAT,B2,US 12062231 B2,12062231,12062231,2024-08-13,2023-11-02
211,US-PGPUB,A1,US 20240141788 A1,20240141788,20240141788,2024-05-02,2022-10-28
212,US-PGPUB,A1,US 20240146619 A1,20240146619,20240146619,2024-05-02,2022-11-01
213,USPAT,B1,US 11985044 B1,11985044,11985044,2024-05-14,2022-11-01
214,US-PGPUB,A1,US 20240125091 A1,20240125091,20240125091,2024-04-18,2021-12-16
215,US-PGPUB,A1,US 20240119201 A1,20240119201,20240119201,2024-04-11,2023-11-14
216,USPAT,B2,US 12197829 B2,12197829,12197829,2025-01-14,2023-11-14
217,US-PGPUB,A1,US 20240103052 A1,20240103052,20240103052,2024-03-28,2023-01-14
218,US-PGPUB,A1,US 20240102683 A1,20240102683,20240102683,2024-03-28,2022-09-26
219,US-PGPUB,A1,US 20240095453 A1,20240095453,20240095453,2024-03-21,2023-06-16
220,USPAT,B2,US 12468892 B2,12468892,12468892,2025-11-11,2023-06-16
221,US-PGPUB,A1,US 20240093895 A1,20240093895,20240093895,2024-03-21,2023-11-06
222,US-PGPUB,A1,US 20240090489 A1,20240090489,20240090489,2024-03-21,2023-09-19
223,US-PGPUB,A1,US 20240078919 A1,20240078919,20240078919,2024-03-07,2023-09-06
224,US-PGPUB,A1,US 20240068951 A1,20240068951,20240068951,2024-02-29,2021-08-09
225,USPAT,B2,US 12072298 B2,12072298,12072298,2024-08-27,2021-08-09
226,US-PGPUB,A1,US 20240050788 A1,20240050788,20240050788,2024-02-15,2021-12-27
227,US-PGPUB,A1,US 20240046804 A1,20240046804,20240046804,2024-02-08,2022-08-04
228,USPAT,B2,US 12451021 B2,12451021,12451021,2025-10-21,2022-08-04
229,US-PGPUB,A1,US 20260018070 A1,20260018070,20260018070,2026-01-15,2025-09-18
230,US-PGPUB,A1,US 20240028920 A1,20240028920,20240028920,2024-01-25,2023-07-19
231,US-PGPUB,A1,US 20240019823 A1,20240019823,20240019823,2024-01-18,2023-07-18
232,US-PGPUB,A1,US 20240028014 A1,20240028014,20240028014,2024-01-25,2023-07-18
233,US-PGPUB,A1,US 20240028011 A1,20240028011,20240028011,2024-01-25,2023-07-18
234,US-PGPUB,A1,US 20240028005 A1,20240028005,20240028005,2024-01-25,2023-07-18
235,US-PGPUB,A1,US 20240027980 A1,20240027980,20240027980,2024-01-25,2023-07-18
236,USPAT,B2,US 12228897 B2,12228897,12228897,2025-02-18,2023-07-18
237,US-PGPUB,A1,US 20260133552 A1,20260133552,20260133552,2026-05-14,2026-01-09
238,USPAT,B1,US 11868869 B1,11868869,11868869,2024-01-09,2023-06-28
239,US-PGPUB,A1,US 20240003151 A1,20240003151,20240003151,2024-01-04,2023-06-30
240,US-PGPUB,A1,US 20240001451 A1,20240001451,20240001451,2024-01-04,2023-06-06
241,US-PGPUB,A1,US 20230386006 A1,20230386006,20230386006,2023-11-30,2023-08-08
242,USPAT,B2,US 11908121 B2,11908121,11908121,2024-02-20,2023-08-08
243,US-PGPUB,A1,US 20230376040 A1,20230376040,20230376040,2023-11-23,2021-09-23
244,USPAT,B2,US 12481282 B2,12481282,12481282,2025-11-25,2021-09-23
245,US-PGPUB,A1,US 20230377025 A1,20230377025,20230377025,2023-11-23,2021-10-06
246,USPAT,B2,US 12462291 B2,12462291,12462291,2025-11-04,2021-10-06
247,US-PGPUB,A1,US 20230375376 A1,20230375376,20230375376,2023-11-23,2023-05-17
248,US-PGPUB,A1,US 20230370338 A1,20230370338,20230370338,2023-11-16,2022-05-16
249,USPAT,B2,US 12184509 B2,12184509,12184509,2024-12-31,2022-05-16
250,US-PGPUB,A1,US 20230368074 A1,20230368074,20230368074,2023-11-16,2023-04-25
251,US-PGPUB,A1,US 20230359647 A1,20230359647,20230359647,2023-11-09,2021-03-01
252,US-PGPUB,A1,US 20230359736 A1,20230359736,20230359736,2023-11-09,2022-08-23
253,USPAT,B2,US 12326935 B2,12326935,12326935,2025-06-10,2022-08-23
254,US-PGPUB,A1,US 20230350066 A1,20230350066,20230350066,2023-11-02,2021-06-21
255,US-PGPUB,A1,US 20230342144 A1,20230342144,20230342144,2023-10-26,2022-04-21
256,USPAT,B2,US 11972253 B2,11972253,11972253,2024-04-30,2022-04-21
257,US-PGPUB,A1,US 20230325258 A1,20230325258,20230325258,2023-10-12,2021-08-23
258,USPAT,B2,US 12556454 B2,12556454,12556454,2026-02-17,2021-08-23
259,US-PGPUB,A1,US 20230315032 A1,20230315032,20230315032,2023-10-05,2022-03-31
260,USPAT,B2,US 12332615 B2,12332615,12332615,2025-06-17,2022-03-31
261,US-PGPUB,A1,US 20230311896 A1,20230311896,20230311896,2023-10-05,2022-12-13
262,USPAT,B2,US 12286120 B2,12286120,12286120,2025-04-29,2022-12-13
263,US-PGPUB,A1,US 20230306206 A1,20230306206,20230306206,2023-09-28,2022-07-13
264,US-PGPUB,A1,US 20230295935 A1,20230295935,20230295935,2023-09-21,2021-06-21
265,US-PGPUB,A1,US 20230294735 A1,20230294735,20230294735,2023-09-21,2023-02-28
266,US-PGPUB,A1,US 20230299994 A1,20230299994,20230299994,2023-09-21,2023-01-16
267,US-PGPUB,A1,US 20230300579 A1,20230300579,20230300579,2023-09-21,2022-12-28
268,US-PGPUB,A1,US 20230286035 A1,20230286035,20230286035,2023-09-14,2021-06-30
269,US-PGPUB,A1,US 20230290122 A1,20230290122,20230290122,2023-09-14,2022-03-08
270,USPAT,B2,US 12125262 B2,12125262,12125262,2024-10-22,2022-03-08
271,US-PGPUB,A1,US 20230267837 A1,20230267837,20230267837,2023-08-24,2021-04-20
272,US-PGPUB,A1,US 20230260062 A1,20230260062,20230260062,2023-08-17,2023-04-15
273,US-PGPUB,A1,US 20230259798 A1,20230259798,20230259798,2023-08-17,2023-02-15
274,USPAT,B2,US 12585971 B2,12585971,12585971,2026-03-24,2023-02-15
275,US-PGPUB,A1,US 20260134315 A1,20260134315,20260134315,2026-05-14,2026-01-06
276,US-PGPUB,A1,US 20230236608 A1,20230236608,20230236608,2023-07-27,2023-01-23
277,US-PGPUB,A1,US 20230237795 A1,20230237795,20230237795,2023-07-27,2022-01-21
278,US-PGPUB,A1,US 20230229168 A1,20230229168,20230229168,2023-07-20,2021-05-20
279,US-PGPUB,A1,US 20230227176 A1,20230227176,20230227176,2023-07-20,2022-12-07
280,USPAT,B2,US 12043415 B2,12043415,12043415,2024-07-23,2022-12-07
281,US-PGPUB,A1,US 20230224728 A1,20230224728,20230224728,2023-07-13,2021-05-13
282,USPAT,B2,US 12484096 B2,12484096,12484096,2025-11-25,2021-05-13
283,US-PGPUB,A1,US 20230222801 A1,20230222801,20230222801,2023-07-13,2022-01-10
284,US-PGPUB,A1,US 20230212084 A1,20230212084,20230212084,2023-07-06,2021-06-04
285,USPAT,B2,US 12528749 B2,12528749,12528749,2026-01-20,2021-06-04
286,US-PGPUB,A1,US 20230210579 A1,20230210579,20230210579,2023-07-06,2021-12-30
287,USPAT,B2,US 12207861 B2,12207861,12207861,2025-01-28,2021-12-30
288,USPAT,B1,US 11691727 B1,11691727,11691727,2023-07-04,2020-09-08
289,US-PGPUB,A1,US 20230202512 A1,20230202512,20230202512,2023-06-29,2021-05-11
290,USPAT,B2,US 12275428 B2,12275428,12275428,2025-04-15,2021-05-11
291,US-PGPUB,A1,US 20230192138 A1,20230192138,20230192138,2023-06-22,2022-11-02
292,US-PGPUB,A1,US 20230195455 A1,20230195455,20230195455,2023-06-22,2022-12-15
293,US-PGPUB,A1,US 20230185303 A1,20230185303,20230185303,2023-06-15,2021-05-20
294,US-PGPUB,A1,US 20230175394 A1,20230175394,20230175394,2023-06-08,2021-12-08
295,USPAT,B2,US 11867055 B2,11867055,11867055,2024-01-09,2021-12-08
296,US-PGPUB,A1,US 20230166913 A1,20230166913,20230166913,2023-06-01,2021-04-27
297,USPAT,B2,US 12577048 B2,12577048,12577048,2026-03-17,2021-04-27
298,US-PGPUB,A1,US 20230167653 A1,20230167653,20230167653,2023-06-01,2021-11-29
299,US-PGPUB,A1,US 20230166839 A1,20230166839,20230166839,2023-06-01,2021-12-21
300,US-PGPUB,A1,US 20240076891 A1,20240076891,20240076891,2024-03-07,2023-11-06
301,USPAT,B2,US 12607031 B2,12607031,12607031,2026-04-21,2023-11-06
302,US-PGPUB,A1,US 20230167997 A1,20230167997,20230167997,2023-06-01,2022-11-30
303,US-PGPUB,A1,US 20230158752 A1,20230158752,20230158752,2023-05-25,2022-10-17
304,USPAT,B2,US 11833762 B2,11833762,11833762,2023-12-05,2022-10-17
305,US-PGPUB,A1,US 20230152062 A1,20230152062,20230152062,2023-05-18,2023-01-18
306,USPAT,B1,US 11645877 B1,11645877,11645877,2023-05-09,2022-07-27
307,US-PGPUB,A1,US 20240037996 A1,20240037996,20240037996,2024-02-01,2023-04-28
308,USPAT,B2,US 12205415 B2,12205415,12205415,2025-01-21,2023-04-28
309,US-PGPUB,A1,US 20230128262 A1,20230128262,20230128262,2023-04-27,2021-10-26
310,US-PGPUB,A1,US 20230129831 A1,20230129831,20230129831,2023-04-27,2021-10-26
311,US-PGPUB,A1,US 20230119984 A1,20230119984,20230119984,2023-04-20,2021-10-16
312,US-PGPUB,A1,US 20230104767 A1,20230104767,20230104767,2023-04-06,2021-03-05
313,US-PGPUB,A1,US 20230108669 A1,20230108669,20230108669,2023-04-06,2022-10-31
314,USPAT,B2,US 12252899 B2,12252899,12252899,2025-03-18,2022-10-31
315,US-PGPUB,A1,US 20230099502 A1,20230099502,20230099502,2023-03-30,2021-09-27
316,USPAT,B2,US 12602597 B2,12602597,12602597,2026-04-14,2021-09-27
317,US-PGPUB,A1,US 20230101955 A1,20230101955,20230101955,2023-03-30,2021-09-27
318,USPAT,B2,US 12639620 B2,12639620,12639620,2026-05-26,2021-09-27
319,US-PGPUB,A1,US 20230091883 A1,20230091883,20230091883,2023-03-23,2022-09-15
320,US-PGPUB,A1,US 20230071119 A1,20230071119,20230071119,2023-03-09,2021-09-03
321,US-PGPUB,A1,US 20230068694 A1,20230068694,20230068694,2023-03-02,2021-02-03
322,US-PGPUB,A1,US 20230061522 A1,20230061522,20230061522,2023-03-02,2022-08-26
323,US-PGPUB,A1,US 20230065791 A1,20230065791,20230065791,2023-03-02,2021-08-30
324,USPAT,B2,US 12143894 B2,12143894,12143894,2024-11-12,2021-08-30
325,US-PGPUB,A1,US 20230063986 A1,20230063986,20230063986,2023-03-02,2022-08-30
326,USPAT,B2,US 12422158 B2,12422158,12422158,2025-09-23,2022-08-30
327,USPAT,B1,US 11594021 B1,11594021,11594021,2023-02-28,2022-08-26
328,US-PGPUB,A1,US 20230050192 A1,20230050192,20230050192,2023-02-16,2021-07-30
329,US-PGPUB,A1,US 20230051111 A1,20230051111,20230051111,2023-02-16,2021-08-11
330,USPAT,B2,US 12214806 B2,12214806,12214806,2025-02-04,2021-08-11
331,US-PGPUB,A1,US 20230038457 A1,20230038457,20230038457,2023-02-09,2020-12-23
332,US-PGPUB,A1,US 20230039822 A1,20230039822,20230039822,2023-02-09,2021-08-04
333,USPAT,B2,US 11689412 B2,11689412,11689412,2023-06-27,2021-08-04
334,US-PGPUB,A1,US 20230044197 A1,20230044197,20230044197,2023-02-09,2021-08-04
335,USPAT,B2,US 12141759 B2,12141759,12141759,2024-11-12,2021-08-04
336,USPAT,B1,US 11573005 B1,11573005,11573005,2023-02-07,2022-06-02
337,US-PGPUB,A1,US 20230024877 A1,20230024877,20230024877,2023-01-26,2021-07-20
338,USPAT,B2,US 11769381 B2,11769381,11769381,2023-09-26,2021-07-20
339,US-PGPUB,A1,US 20230021828 A1,20230021828,20230021828,2023-01-26,2022-05-24
340,US-PGPUB,A1,US 20230017059 A1,20230017059,20230017059,2023-01-19,2021-07-15
341,USPAT,B2,US 11626002 B2,11626002,11626002,2023-04-11,2021-07-15
342,US-PGPUB,A1,US 20230119146 A1,20230119146,20230119146,2023-04-20,2022-12-06
343,USPAT,B2,US 11875661 B2,11875661,11875661,2024-01-16,2022-12-06
344,US-PGPUB,A1,US 20240087441 A1,20240087441,20240087441,2024-03-14,2023-11-14
345,USPAT,B2,US 12223819 B2,12223819,12223819,2025-02-11,2023-11-14
346,US-PGPUB,A1,US 20230015540 A1,20230015540,20230015540,2023-01-19,2022-01-25
347,US-PGPUB,A1,US 20230008829 A1,20230008829,20230008829,2023-01-12,2021-08-11
348,USPAT,B2,US 11858121 B2,11858121,11858121,2024-01-02,2021-08-11
349,US-PGPUB,A1,US 20220410370 A1,20220410370,20220410370,2022-12-29,2022-08-31
350,USPAT,B1,US 11554479 B1,11554479,11554479,2023-01-17,2022-08-31
351,US-PGPUB,A1,US 20220404825 A1,20220404825,20220404825,2022-12-22,2020-07-27
352,US-PGPUB,A1,US 20220398932 A1,20220398932,20220398932,2022-12-15,2021-06-09
353,USPAT,B2,US 11955020 B2,11955020,11955020,2024-04-09,2021-06-09
354,US-PGPUB,A1,US 20220388505 A1,20220388505,20220388505,2022-12-08,2020-09-25
355,USPAT,B2,US 12509071 B2,12509071,12509071,2025-12-30,2020-09-25
356,US-PGPUB,A1,US 20220386197 A1,20220386197,20220386197,2022-12-01,2022-08-08
357,USPAT,B2,US 11805461 B2,11805461,11805461,2023-10-31,2022-08-08
358,US-PGPUB,A1,US 20220383436 A1,20220383436,20220383436,2022-12-01,2022-04-12
359,USPAT,B2,US 12456154 B2,12456154,12456154,2025-10-28,2022-04-12
360,US-PGPUB,A1,US 20220375337 A1,20220375337,20220375337,2022-11-24,2022-06-14
361,US-PGPUB,A1,US 20220375336 A1,20220375336,20220375336,2022-11-24,2022-06-14
362,US-PGPUB,A1,US 20220375335 A1,20220375335,20220375335,2022-11-24,2022-06-14
363,US-PGPUB,A1,US 20250252849 A1,20250252849,20250252849,2025-08-07,2025-03-26
364,US-PGPUB,A1,US 20220364755 A1,20220364755,20220364755,2022-11-17,2022-07-27
365,USPAT,B2,US 11770020 B2,11770020,11770020,2023-09-26,2022-07-27
366,USPAT,B1,US 11493939 B1,11493939,11493939,2022-11-08,2020-03-16
367,US-PGPUB,A1,US 20220345667 A1,20220345667,20220345667,2022-10-27,2021-11-18
368,USPAT,B2,US 11812196 B2,11812196,11812196,2023-11-07,2021-11-18
369,US-PGPUB,A1,US 20220343642 A1,20220343642,20220343642,2022-10-27,2020-06-08
370,USPAT,B2,US 11881015 B2,11881015,11881015,2024-01-23,2020-06-08
371,US-PGPUB,A1,US 20220315072 A1,20220315072,20220315072,2022-10-06,2020-10-19
372,USPAT,B2,US 11993298 B2,11993298,11993298,2024-05-28,2020-10-19
373,US-PGPUB,A1,US 20220316739 A1,20220316739,20220316739,2022-10-06,2022-03-24
374,USPAT,B2,US 11920814 B2,11920814,11920814,2024-03-05,2022-03-24
375,US-PGPUB,A1,US 20220308554 A1,20220308554,20220308554,2022-09-29,2021-03-24
376,USPAT,B2,US 12061459 B2,12061459,12061459,2024-08-13,2021-03-24
377,US-PGPUB,A1,US 20220292240 A1,20220292240,20220292240,2022-09-15,2022-03-17
378,US-PGPUB,A1,US 20220327264 A1,20220327264,20220327264,2022-10-13,2022-06-29
379,USPAT,B2,US 11714940 B2,11714940,11714940,2023-08-01,2022-06-29
380,USPAT,B2,US 11797733 B2,11797733,11797733,2023-10-24,2022-03-17
381,US-PGPUB,A1,US 20240078359 A1,20240078359,20240078359,2024-03-07,2023-06-16
382,USPAT,B2,US 12462080 B2,12462080,12462080,2025-11-04,2023-06-16
383,US-PGPUB,A1,US 20220292619 A1,20220292619,20220292619,2022-09-15,2022-05-31
384,USPAT,B2,US 12586140 B2,12586140,12586140,2026-03-24,2022-05-31
385,US-PGPUB,A1,US 20220282820 A1,20220282820,20220282820,2022-09-08,2022-03-03
386,USPAT,B2,US 11466805 B2,11466805,11466805,2022-10-11,2022-03-03
387,USPAT,B1,US 11436777 B1,11436777,11436777,2022-09-06,2021-02-05
388,US-PGPUB,A1,US 20230044469 A1,20230044469,20230044469,2023-02-09,2022-08-01
389,USPAT,B2,US 11769285 B2,11769285,11769285,2023-09-26,2022-08-01
390,US-PGPUB,A1,US 20220274707 A1,20220274707,20220274707,2022-09-01,2020-08-13
391,US-PGPUB,A1,US 20220278728 A1,20220278728,20220278728,2022-09-01,2022-05-19
392,USPAT,B2,US 12250044 B2,12250044,12250044,2025-03-11,2022-05-19
393,US-PGPUB,A1,US 20220274019 A1,20220274019,20220274019,2022-09-01,2021-06-21
394,US-PGPUB,A1,US 20220362671 A1,20220362671,20220362671,2022-11-17,2022-07-29
395,USPAT,B2,US 11583770 B2,11583770,11583770,2023-02-21,2021-06-21
396,USPAT,B2,US 11850515 B2,11850515,11850515,2023-12-26,2022-07-29
397,US-PGPUB,A1,US 20240082720 A1,20240082720,20240082720,2024-03-14,2023-11-14
398,USPAT,B2,US 12214283 B2,12214283,12214283,2025-02-04,2023-11-14
399,US-PGPUB,A1,US 20220267002 A1,20220267002,20220267002,2022-08-25,2020-08-13
400,US-PGPUB,A1,US 20220266882 A1,20220266882,20220266882,2022-08-25,2020-06-12
401,USPAT,B2,US 12365374 B2,12365374,12365374,2025-07-22,2020-06-12
402,US-PGPUB,A1,US 20220264255 A1,20220264255,20220264255,2022-08-18,2022-02-07
403,USPAT,B1,US 11415425 B1,11415425,11415425,2022-08-16,2021-09-14
404,USPAT,B1,US 11416369 B1,11416369,11416369,2022-08-16,2020-12-18
405,US-PGPUB,A1,US 20220391300 A1,20220391300,20220391300,2022-12-08,2022-08-15
406,USPAT,B2,US 11940894 B2,11940894,11940894,2024-03-26,2022-08-15
407,US-PGPUB,A1,US 20220251809 A1,20220251809,20220251809,2022-08-11,2020-05-12
408,USPAT,B2,US 12644259 B2,12644259,12644259,2026-06-02,2020-05-12
409,US-PGPUB,A1,US 20220254249 A1,20220254249,20220254249,2022-08-11,2020-07-02
410,US-PGPUB,A1,US 20220244127 A1,20220244127,20220244127,2022-08-04,2020-08-05
411,USPAT,B2,US 12130204 B2,12130204,12130204,2024-10-29,2020-08-05
412,US-PGPUB,A1,US 20220248203 A1,20220248203,20220248203,2022-08-04,2021-01-29
413,USPAT,B2,US 11818640 B2,11818640,11818640,2023-11-14,2021-01-29
414,USPAT,B1,US 11393114 B1,11393114,11393114,2022-07-19,2018-11-08
415,USPAT,B1,US 12307698 B1,12307698,12307698,2025-05-20,2022-06-16
416,US-PGPUB,A1,US 20220207135 A1,20220207135,20220207135,2022-06-30,2021-10-04
417,US-PGPUB,A1,US 20220187076 A1,20220187076,20220187076,2022-06-16,2020-12-11
418,US-PGPUB,A1,US 20220188697 A1,20220188697,20220188697,2022-06-16,2021-01-22
419,USPAT,B2,US 12124926 B2,12124926,12124926,2024-10-22,2021-01-22
420,US-PGPUB,A1,US 20220183261 A1,20220183261,20220183261,2022-06-16,2021-12-15
421,USPAT,B2,US 11696571 B2,11696571,11696571,2023-07-11,2021-12-15
422,US-PGPUB,A1,US 20230320331 A1,20230320331,20230320331,2023-10-12,2023-05-30
423,USPAT,B2,US 12389886 B2,12389886,12389886,2025-08-19,2023-05-30
424,US-PGPUB,A1,US 20220176976 A1,20220176976,20220176976,2022-06-09,2019-12-10
425,USPAT,B2,US 11981337 B2,11981337,11981337,2024-05-14,2019-12-10
426,US-PGPUB,A1,US 20220170696 A1,20220170696,20220170696,2022-06-02,2021-11-26
427,USPAT,B1,US 11348464 B1,11348464,11348464,2022-05-31,2022-01-11
428,US-PGPUB,A1,US 20220164327 A1,20220164327,20220164327,2022-05-26,2021-04-02
429,USPAT,B2,US 11880347 B2,11880347,11880347,2024-01-23,2021-04-02
430,US-PGPUB,A1,US 20240111739 A1,20240111739,20240111739,2024-04-04,2023-12-08
431,USPAT,B2,US 12579120 B2,12579120,12579120,2026-03-17,2023-12-08
432,US-PGPUB,A1,US 20220154430 A1,20220154430,20220154430,2022-05-19,2020-03-04
433,USPAT,B2,US 12012728 B2,12012728,12012728,2024-06-18,2020-03-04
434,US-PGPUB,A1,US 20220157135 A1,20220157135,20220157135,2022-05-19,2020-03-18
435,USPAT,B2,US 12020558 B2,12020558,12020558,2024-06-25,2020-03-18
436,US-PGPUB,A1,US 20220138970 A1,20220138970,20220138970,2022-05-05,2021-12-16
437,USPAT,B2,US 11593952 B2,11593952,11593952,2023-02-28,2021-11-04
438,US-PGPUB,A1,US 20220130145 A1,20220130145,20220130145,2022-04-28,2022-01-03
439,USPAT,B2,US 11935288 B2,11935288,11935288,2024-03-19,2022-01-03
440,US-PGPUB,A1,US 20240355117 A1,20240355117,20240355117,2024-10-24,2024-02-12
441,US-PGPUB,A1,US 20220119005 A1,20220119005,20220119005,2022-04-21,2020-10-21
442,USPAT,B2,US 11807278 B2,11807278,11807278,2023-11-07,2020-10-21
443,US-PGPUB,A1,US 20220100594 A1,20220100594,20220100594,2022-03-31,2021-08-19
444,US-PGPUB,A1,US 20220101507 A1,20220101507,20220101507,2022-03-31,2021-09-27
445,USPAT,B2,US 12632950 B2,12632950,12632950,2026-05-19,2021-09-27
446,US-PGPUB,A1,US 20220089152 A1,20220089152,20220089152,2022-03-24,2021-09-15
447,USPAT,B2,US 11932244 B2,11932244,11932244,2024-03-19,2021-09-15
448,US-PGPUB,A1,US 20220092856 A1,20220092856,20220092856,2022-03-24,2020-09-22
449,USPAT,B2,US 12347038 B2,12347038,12347038,2025-07-01,2020-09-22
450,US-PGPUB,A1,US 20220082717 A1,20220082717,20220082717,2022-03-17,2020-01-29
451,US-PGPUB,A1,US 20220076554 A1,20220076554,20220076554,2022-03-10,2020-09-08
452,US-PGPUB,A1,US 20220058573 A1,20220058573,20220058573,2022-02-24,2021-03-22
453,USPAT,B2,US 11853953 B2,11853953,11853953,2023-12-26,2021-03-22
454,US-PGPUB,A1,US 20220052915 A1,20220052915,20220052915,2022-02-17,2019-09-11
455,USPAT,B2,US 12101223 B2,12101223,12101223,2024-09-24,2019-09-11
456,US-PGPUB,A1,US 20240422055 A1,20240422055,20240422055,2024-12-19,2024-08-26
457,US-PGPUB,A1,US 20220051543 A1,20220051543,20220051543,2022-02-17,2021-08-17
458,US-PGPUB,A1,US 20220044567 A1,20220044567,20220044567,2022-02-10,2020-08-10
459,US-PGPUB,A1,US 20220036319 A1,20220036319,20220036319,2022-02-03,2020-07-28
460,US-PGPUB,A1,US 20220028054 A1,20220028054,20220028054,2022-01-27,2021-07-01
461,USPAT,B2,US 12118703 B2,12118703,12118703,2024-10-15,2021-07-01
462,US-PGPUB,A1,US 20240428391 A1,20240428391,20240428391,2024-12-26,2024-05-28
463,US-PGPUB,A1,US 20220012918 A1,20220012918,20220012918,2022-01-13,2020-07-09
464,USPAT,B2,US 11302034 B2,11302034,11302034,2022-04-12,2020-07-09
465,US-PGPUB,A1,US 20220004190 A1,20220004190,20220004190,2022-01-06,2019-11-29
466,US-PGPUB,A1,US 20220003524 A1,20220003524,20220003524,2022-01-06,2021-09-22
467,USPAT,B1,US 11216663 B1,11216663,11216663,2022-01-04,2020-12-01
468,US-PGPUB,A1,US 20210404123 A1,20210404123,20210404123,2021-12-30,2019-11-27
469,USPAT,B2,US 11293146 B2,11293146,11293146,2022-04-05,2019-11-27
470,US-PGPUB,A1,US 20210389257 A1,20210389257,20210389257,2021-12-16,2020-09-30
471,USPAT,B2,US 12031922 B2,12031922,12031922,2024-07-09,2020-09-30
472,US-PGPUB,A1,US 20210390280 A1,20210390280,20210390280,2021-12-16,2020-06-15
473,USPAT,B2,US 11361537 B2,11361537,11361537,2022-06-14,2020-06-15
474,US-PGPUB,A1,US 20210390427 A1,20210390427,20210390427,2021-12-16,2020-06-15
475,USPAT,B2,US 11636359 B2,11636359,11636359,2023-04-25,2020-06-15
476,US-PGPUB,A1,US 20210390790 A1,20210390790,20210390790,2021-12-16,2021-03-23
477,USPAT,B2,US 11410404 B2,11410404,11410404,2022-08-09,2021-03-23
478,US-PGPUB,A1,US 20220335702 A1,20220335702,20220335702,2022-10-20,2022-07-06
479,US-PGPUB,A1,US 20240013496 A1,20240013496,20240013496,2024-01-11,2023-04-27
480,US-PGPUB,A1,US 20210392147 A1,20210392147,20210392147,2021-12-16,2020-06-16
481,USPAT,B2,US 11785022 B2,11785022,11785022,2023-10-10,2020-06-16
482,US-PGPUB,A1,US 20210366296 A1,20210366296,20210366296,2021-11-25,2019-06-29
483,USPAT,B2,US 11443642 B2,11443642,11443642,2022-09-13,2019-06-29
484,US-PGPUB,A1,US 20210340856 A1,20210340856,20210340856,2021-11-04,2020-05-01
485,USPAT,B2,US 11655701 B2,11655701,11655701,2023-05-23,2020-05-01
486,US-PGPUB,A1,US 20210343158 A1,20210343158,20210343158,2021-11-04,2020-04-30
487,USPAT,B2,US 11514798 B2,11514798,11514798,2022-11-29,2020-04-30
488,US-PGPUB,A1,US 20210325070 A1,20210325070,20210325070,2021-10-21,2021-04-14
489,USPAT,B2,US 12449151 B2,12449151,12449151,2025-10-21,2021-04-14
490,US-PGPUB,A1,US 20210325191 A1,20210325191,20210325191,2021-10-21,2017-04-07
491,US-PGPUB,A1,US 20210309361 A1,20210309361,20210309361,2021-10-07,2019-08-15
492,US-PGPUB,A1,US 20210312406 A1,20210312406,20210312406,2021-10-07,2020-04-07
493,USPAT,B2,US 12051047 B2,12051047,12051047,2024-07-30,2020-04-07
494,US-PGPUB,A1,US 20210302949 A1,20210302949,20210302949,2021-09-30,2021-05-03
495,USPAT,B2,US 11360464 B2,11360464,11360464,2022-06-14,2021-05-03
496,US-PGPUB,A1,US 20210304114 A1,20210304114,20210304114,2021-09-30,2019-10-30
497,US-PGPUB,A1,US 20210307057 A1,20210307057,20210307057,2021-09-30,2021-03-30
498,USPAT,B2,US 11924843 B2,11924843,11924843,2024-03-05,2021-03-30
499,US-PGPUB,A1,US 20240205933 A1,20240205933,20240205933,2024-06-20,2024-02-28
500,US-PGPUB,A1,US 20210298122 A1,20210298122,20210298122,2021-09-23,2020-03-20
501,US-PGPUB,A1,US 20210278849 A1,20210278849,20210278849,2021-09-09,2018-09-28
502,USPAT,B2,US 11561546 B2,11561546,11561546,2023-01-24,2018-09-28
503,US-PGPUB,A1,US 20210278478 A1,20210278478,20210278478,2021-09-09,2021-01-28
504,USPAT,B2,US 11656298 B2,11656298,11656298,2023-05-23,2021-01-28
505,US-PGPUB,A1,US 20210279657 A1,20210279657,20210279657,2021-09-09,2021-02-17
506,US-PGPUB,A1,US 20210263514 A1,20210263514,20210263514,2021-08-26,2020-08-28
507,USPAT,B2,US 11586201 B2,11586201,11586201,2023-02-21,2020-08-28
508,US-PGPUB,A1,US 20210253271 A1,20210253271,20210253271,2021-08-19,2019-06-26
509,USPAT,B2,US 12227304 B2,12227304,12227304,2025-02-18,2019-06-26
510,US-PGPUB,A1,US 20210256685 A1,20210256685,20210256685,2021-08-19,2021-01-28
511,USPAT,B2,US 11790509 B2,11790509,11790509,2023-10-17,2021-01-28
512,US-PGPUB,A1,US 20210255917 A1,20210255917,20210255917,2021-08-19,2021-02-12
513,USPAT,B2,US 11822423 B2,11822423,11822423,2023-11-21,2021-02-12
514,US-PGPUB,A1,US 20240045756 A1,20240045756,20240045756,2024-02-08,2023-10-23
515,US-PGPUB,A1,US 20210239818 A1,20210239818,20210239818,2021-08-05,2021-03-31
516,USPAT,B2,US 11726194 B2,11726194,11726194,2023-08-15,2021-03-31
517,US-PGPUB,A1,US 20210237725 A1,20210237725,20210237725,2021-08-05,2021-01-27
518,USPAT,B2,US 11654903 B2,11654903,11654903,2023-05-23,2021-01-27
519,US-PGPUB,A1,US 20210241182 A1,20210241182,20210241182,2021-08-05,2020-02-05
520,US-PGPUB,A1,US 20210233381 A1,20210233381,20210233381,2021-07-29,2020-01-13
521,US-PGPUB,A1,US 20210231254 A1,20210231254,20210231254,2021-07-29,2021-04-12
522,USPAT,B2,US 11306857 B2,11306857,11306857,2022-04-19,2021-04-12
523,US-PGPUB,A1,US 20210232800 A1,20210232800,20210232800,2021-07-29,2021-01-19
524,USPAT,B2,US 11714878 B2,11714878,11714878,2023-08-01,2021-01-19
525,US-PGPUB,A1,US 20240126839 A1,20240126839,20240126839,2024-04-18,2023-06-16
526,USPAT,B2,US 12130890 B2,12130890,12130890,2024-10-29,2023-06-16
527,US-PGPUB,A1,US 20210197851 A1,20210197851,20210197851,2021-07-01,2020-08-20
528,US-PGPUB,A1,US 20210187761 A1,20210187761,20210187761,2021-06-24,2020-12-23
529,USPAT,B1,US 11037024 B1,11037024,11037024,2021-06-15,2019-11-29
530,US-PGPUB,A1,US 20210173414 A1,20210173414,20210173414,2021-06-10,2020-11-21
531,USPAT,B2,US 11874676 B2,11874676,11874676,2024-01-16,2020-11-21
532,US-PGPUB,A1,US 20240288872 A1,20240288872,20240288872,2024-08-29,2023-12-07
533,USPAT,B2,US 12353222 B2,12353222,12353222,2025-07-08,2023-12-07
534,US-PGPUB,A1,US 20210164348 A1,20210164348,20210164348,2021-06-03,2020-11-24
535,USPAT,B2,US 11359492 B2,11359492,11359492,2022-06-14,2020-11-24
536,US-PGPUB,A1,US 20210157012 A1,20210157012,20210157012,2021-05-27,2018-08-29
537,USPAT,B2,US 11513233 B2,11513233,11513233,2022-11-29,2018-08-29
538,US-PGPUB,A1,US 20210158207 A1,20210158207,20210158207,2021-05-27,2019-11-26
539,USPAT,B2,US 11710085 B2,11710085,11710085,2023-07-25,2019-11-26
540,US-PGPUB,A1,US 20230316166 A1,20230316166,20230316166,2023-10-05,2023-05-31
541,USPAT,B2,US 12124979 B2,12124979,12124979,2024-10-22,2023-05-31
542,US-PGPUB,A1,US 20210146631 A1,20210146631,20210146631,2021-05-20,2020-11-13
543,USPAT,B2,US 11511493 B2,11511493,11511493,2022-11-29,2020-11-13
544,US-PGPUB,A1,US 20210151202 A1,20210151202,20210151202,2021-05-20,2020-11-20
545,US-PGPUB,A1,US 20210140181 A1,20210140181,20210140181,2021-05-13,2019-11-13
546,USPAT,B2,US 11719005 B2,11719005,11719005,2023-08-08,2019-11-13
547,US-PGPUB,A1,US 20210123965 A1,20210123965,20210123965,2021-04-29,2019-02-09
548,US-PGPUB,A1,US 20210117716 A1,20210117716,20210117716,2021-04-22,2020-09-28
549,USPAT,B2,US 11521026 B2,11521026,11521026,2022-12-06,2020-09-28
550,US-PGPUB,A1,US 20210114219 A1,20210114219,20210114219,2021-04-22,2020-10-14
551,USPAT,B2,US 11738461 B2,11738461,11738461,2023-08-29,2020-10-14
552,US-PGPUB,A1,US 20240091946 A1,20240091946,20240091946,2024-03-21,2023-06-20
553,US-PGPUB,A1,US 20210115368 A1,20210115368,20210115368,2021-04-22,2020-10-16
554,USPAT,B2,US 11959057 B2,11959057,11959057,2024-04-16,2020-10-16
555,US-PGPUB,A1,US 20210101679 A1,20210101679,20210101679,2021-04-08,2020-09-28
556,US-PGPUB,A1,US 20210103282 A1,20210103282,20210103282,2021-04-08,2020-10-02
557,USPAT,B2,US 12056917 B2,12056917,12056917,2024-08-06,2020-10-02
558,US-PGPUB,A1,US 20240395026 A1,20240395026,20240395026,2024-11-28,2024-07-31
559,US-PGPUB,A1,US 20210099870 A1,20210099870,20210099870,2021-04-01,2020-09-28
560,USPAT,B2,US 12089038 B2,12089038,12089038,2024-09-10,2020-09-28
561,US-PGPUB,A1,US 20210086765 A1,20210086765,20210086765,2021-03-25,2020-09-11
562,US-PGPUB,A1,US 20210086788 A1,20210086788,20210086788,2021-03-25,2020-08-27
563,USPAT,B2,US 11938964 B2,11938964,11938964,2024-03-26,2020-08-27
564,US-PGPUB,A1,US 20210081899 A1,20210081899,20210081899,2021-03-18,2020-09-11
565,USPAT,B2,US 11481734 B2,11481734,11481734,2022-10-25,2020-09-11
566,US-PGPUB,A1,US 20210073692 A1,20210073692,20210073692,2021-03-11,2020-11-18
567,US-PGPUB,A1,US 20220108242 A1,20220108242,20220108242,2022-04-07,2021-10-21
568,USPAT,B2,US 11475385 B2,11475385,11475385,2022-10-18,2021-10-21
569,USPAT,B2,US 12443902 B2,12443902,12443902,2025-10-14,2020-11-18
570,US-PGPUB,A1,US 20250390821 A1,20250390821,20250390821,2025-12-25,2025-08-26
571,US-PGPUB,A1,US 20210049027 A1,20210049027,20210049027,2021-02-18,2019-08-14
572,USPAT,B2,US 11397606 B2,11397606,11397606,2022-07-26,2019-08-14
573,US-PGPUB,A1,US 20210044496 A1,20210044496,20210044496,2021-02-11,2019-08-05
574,USPAT,B2,US 11277317 B2,11277317,11277317,2022-03-15,2019-08-05
575,US-PGPUB,A1,US 20210044499 A1,20210044499,20210044499,2021-02-11,2019-08-05
576,USPAT,B2,US 11310126 B2,11310126,11310126,2022-04-19,2019-08-05
577,US-PGPUB,A1,US 20210031780 A1,20210031780,20210031780,2021-02-04,2019-08-01
578,USPAT,B2,US 11618455 B2,11618455,11618455,2023-04-04,2019-08-01
579,US-PGPUB,A1,US 20210027624 A1,20210027624,20210027624,2021-01-28,2019-03-15
580,US-PGPUB,A1,US 20210019873 A1,20210019873,20210019873,2021-01-21,2020-07-14
581,USPAT,B2,US 11620742 B2,11620742,11620742,2023-04-04,2020-07-14
582,US-PGPUB,A1,US 20210018205 A1,20210018205,20210018205,2021-01-21,2019-07-16
583,USPAT,B2,US 12270561 B2,12270561,12270561,2025-04-08,2019-07-16
584,US-PGPUB,A1,US 20200410250 A1,20200410250,20200410250,2020-12-31,2020-06-29
585,US-PGPUB,A1,US 20200399911 A1,20200399911,20200399911,2020-12-24,2020-06-19
586,USPAT,B2,US 12378783 B2,12378783,12378783,2025-08-05,2020-06-19
587,US-PGPUB,A1,US 20200401134 A1,20200401134,20200401134,2020-12-24,2019-06-19
588,US-PGPUB,A1,US 20200400483 A1,20200400483,20200400483,2020-12-24,2020-06-17
589,USPAT,B2,US 11448544 B2,11448544,11448544,2022-09-20,2020-06-17
590,US-PGPUB,A1,US 20200391061 A1,20200391061,20200391061,2020-12-17,2019-01-09
591,US-PGPUB,A1,US 20200394784 A1,20200394784,20200394784,2020-12-17,2020-06-17
592,USPAT,B2,US 11361423 B2,11361423,11361423,2022-06-14,2020-06-17
593,US-PGPUB,A1,US 20200378927 A1,20200378927,20200378927,2020-12-03,2017-06-14
594,US-PGPUB,A1,US 20200364995 A1,20200364995,20200364995,2020-11-19,2020-08-04
595,USPAT,B2,US 11158173 B2,11158173,11158173,2021-10-26,2020-08-04
596,US-PGPUB,A1,US 20200364034 A1,20200364034,20200364034,2020-11-19,2020-01-17
597,US-PGPUB,A1,US 20200349842 A1,20200349842,20200349842,2020-11-05,2019-01-22
598,USPAT,B2,US 11127295 B2,11127295,11127295,2021-09-21,2019-01-22
599,USPAT,B1,US 10825340 B1,10825340,10825340,2020-11-03,2017-11-17
600,US-PGPUB,A1,US 20210074152 A1,20210074152,20210074152,2021-03-11,2020-10-15
601,USPAT,B2,US 11710402 B2,11710402,11710402,2023-07-25,2020-10-15
602,US-PGPUB,A1,US 20230368662 A1,20230368662,20230368662,2023-11-16,2023-07-24
603,USPAT,B2,US 12190726 B2,12190726,12190726,2025-01-07,2023-07-24
604,US-PGPUB,A1,US 20200342767 A1,20200342767,20200342767,2020-10-29,2020-04-23
605,US-PGPUB,A1,US 20200316331 A1,20200316331,20200316331,2020-10-08,2020-03-31
606,USPAT,B2,US 11491296 B2,11491296,11491296,2022-11-08,2020-03-31
607,USPAT,B1,US 10778601 B1,10778601,10778601,2020-09-15,2014-12-23
608,US-PGPUB,A1,US 20200282564 A1,20200282564,20200282564,2020-09-10,2019-03-06
609,USPAT,B2,US 11534919 B2,11534919,11534919,2022-12-27,2019-03-06
610,US-PGPUB,A1,US 20230081270 A1,20230081270,20230081270,2023-03-16,2022-11-22
611,USPAT,B2,US 11969901 B2,11969901,11969901,2024-04-30,2022-11-22
612,US-PGPUB,A1,US 20200273352 A1,20200273352,20200273352,2020-08-27,2019-12-09
613,USPAT,B2,US 11288970 B2,11288970,11288970,2022-03-29,2019-12-09
614,US-PGPUB,A1,US 20220180757 A1,20220180757,20220180757,2022-06-09,2022-02-25
615,US-PGPUB,A1,US 20220189321 A1,20220189321,20220189321,2022-06-16,2022-02-25
616,USPAT,B2,US 11514800 B2,11514800,11514800,2022-11-29,2022-02-25
617,USPAT,B2,US 11551563 B2,11551563,11551563,2023-01-10,2022-02-25
618,US-PGPUB,A1,US 20200260295 A1,20200260295,20200260295,2020-08-13,2019-02-11
619,USPAT,B2,US 10834610 B2,10834610,10834610,2020-11-10,2019-02-11
620,US-PGPUB,A1,US 20200255148 A1,20200255148,20200255148,2020-08-13,2020-02-07
621,USPAT,B2,US 11377212 B2,11377212,11377212,2022-07-05,2020-02-07
622,US-PGPUB,A1,US 20200259722 A1,20200259722,20200259722,2020-08-13,2019-02-08
623,USPAT,B2,US 10892961 B2,10892961,10892961,2021-01-12,2019-02-08
624,US-PGPUB,A1,US 20200232767 A1,20200232767,20200232767,2020-07-23,2020-01-17
625,USPAT,B2,US 11125537 B2,11125537,11125537,2021-09-21,2020-01-17
626,US-PGPUB,A1,US 20200200592 A1,20200200592,20200200592,2020-06-25,2019-12-18
627,USPAT,B2,US 10917168 B2,10917168,10917168,2021-02-09,2019-12-18
628,US-PGPUB,A1,US 20200202136 A1,20200202136,20200202136,2020-06-25,2019-11-26
629,USPAT,B2,US 11443515 B2,11443515,11443515,2022-09-13,2019-11-26
630,US-PGPUB,A1,US 20220375226 A1,20220375226,20220375226,2022-11-24,2022-08-03
631,USPAT,B2,US 11640462 B2,11640462,11640462,2023-05-02,2022-08-03
632,US-PGPUB,A1,US 20230205875 A1,20230205875,20230205875,2023-06-29,2023-02-19
633,USPAT,B2,US 11861002 B2,11861002,11861002,2024-01-02,2023-02-19
634,US-PGPUB,A1,US 20240012905 A1,20240012905,20240012905,2024-01-11,2023-09-20
635,US-PGPUB,A1,US 20240095355 A1,20240095355,20240095355,2024-03-21,2023-11-20
636,USPAT,B2,US 12118085 B2,12118085,12118085,2024-10-15,2023-09-20
637,USPAT,B2,US 12314388 B2,12314388,12314388,2025-05-27,2023-11-20
638,US-PGPUB,A1,US 20200191951 A1,20200191951,20200191951,2020-06-18,2019-12-06
639,US-PGPUB,A1,US 20200191965 A1,20200191965,20200191965,2020-06-18,2019-08-30
640,USPAT,B2,US 11492905 B2,11492905,11492905,2022-11-08,2019-08-30
641,US-PGPUB,A1,US 20200160193 A1,20200160193,20200160193,2020-05-21,2018-05-08
642,USPAT,B2,US 11521081 B2,11521081,11521081,2022-12-06,2018-05-08
643,US-PGPUB,A1,US 20200150668 A1,20200150668,20200150668,2020-05-14,2019-11-07
644,US-PGPUB,A1,US 20200150656 A1,20200150656,20200150656,2020-05-14,2019-10-15
645,US-PGPUB,A1,US 20200142052 A1,20200142052,20200142052,2020-05-07,2019-04-29
646,USPAT,B2,US 11555912 B2,11555912,11555912,2023-01-17,2019-04-29
647,USPAT,B1,US 10630704 B1,10630704,10630704,2020-04-21,2019-07-26
648,USPAT,B1,US 10630716 B1,10630716,10630716,2020-04-21,2019-07-25
649,USPAT,B1,US 10630703 B1,10630703,10630703,2020-04-21,2019-07-25
650,USPAT,B1,US 10630715 B1,10630715,10630715,2020-04-21,2019-07-25
651,US-PGPUB,A1,US 20200110041 A1,20200110041,20200110041,2020-04-09,2019-10-07
652,USPAT,B2,US 11022561 B2,11022561,11022561,2021-06-01,2019-10-07
653,US-PGPUB,A1,US 20210231575 A1,20210231575,20210231575,2021-07-29,2021-03-18
654,USPAT,B2,US 11614410 B2,11614410,11614410,2023-03-28,2021-03-18
655,US-PGPUB,A1,US 20200108803 A1,20200108803,20200108803,2020-04-09,2019-09-06
656,US-PGPUB,A1,US 20200097874 A1,20200097874,20200097874,2020-03-26,2018-03-23
657,US-PGPUB,A1,US 20200097479 A1,20200097479,20200097479,2020-03-26,2019-11-27
658,USPAT,B1,US 10602383 B1,10602383,10602383,2020-03-24,2018-10-15
659,US-PGPUB,A1,US 20200120519 A1,20200120519,20200120519,2020-04-16,2018-10-15
660,US-PGPUB,A1,US 20200089761 A1,20200089761,20200089761,2020-03-19,2018-09-13
661,USPAT,B2,US 10902207 B2,10902207,10902207,2021-01-26,2018-09-13
662,USPAT,B1,US 10584971 B1,10584971,10584971,2020-03-10,2016-10-28
663,US-PGPUB,A1,US 20200208994 A1,20200208994,20200208994,2020-07-02,2020-03-09
664,USPAT,B2,US 11293761 B2,11293761,11293761,2022-04-05,2020-03-09
665,US-PGPUB,A1,US 20200077314 A1,20200077314,20200077314,2020-03-05,2018-05-04
666,USPAT,B2,US 11412429 B2,11412429,11412429,2022-08-09,2018-05-04
667,US-PGPUB,A1,US 20200072744 A1,20200072744,20200072744,2020-03-05,2018-12-10
668,USPAT,B2,US 10871444 B2,10871444,10871444,2020-12-22,2018-12-10
669,US-PGPUB,A1,US 20200072706 A1,20200072706,20200072706,2020-03-05,2018-08-30
670,USPAT,B2,US 11415486 B2,11415486,11415486,2022-08-16,2018-08-30
671,US-PGPUB,A1,US 20220390330 A1,20220390330,20220390330,2022-12-08,2022-08-04
672,USPAT,B2,US 11740160 B2,11740160,11740160,2023-08-29,2022-08-04
673,US-PGPUB,A1,US 20230358642 A1,20230358642,20230358642,2023-11-09,2023-07-13
674,USPAT,B2,US 12098980 B2,12098980,12098980,2024-09-24,2023-07-13
675,USPAT,B1,US 10581851 B1,10581851,10581851,2020-03-03,2019-07-17
676,US-PGPUB,A1,US 20210021595 A1,20210021595,20210021595,2021-01-21,2020-01-23
677,USPAT,B2,US 11201865 B2,11201865,11201865,2021-12-14,2020-01-23
678,US-PGPUB,A1,US 20220078188 A1,20220078188,20220078188,2022-03-10,2021-11-19
679,USPAT,B2,US 12309174 B2,12309174,12309174,2025-05-20,2021-11-19
680,USPAT,B1,US 10571283 B1,10571283,10571283,2020-02-25,2017-04-07
681,USPAT,B1,US 10573168 B1,10573168,10573168,2020-02-25,2018-10-26
682,USPAT,E,US RE49864 E,RE49864,RE49864,2024-03-05,2022-02-24
683,USPAT,B1,US 10574683 B1,10574683,10574683,2020-02-25,2019-07-25
684,US-PGPUB,A1,US 20200058161 A1,20200058161,20200058161,2020-02-20,2019-07-26
685,USPAT,B2,US 11568597 B2,11568597,11568597,2023-01-31,2019-07-26
686,US-PGPUB,A1,US 20200057432 A1,20200057432,20200057432,2020-02-20,2019-07-26
687,USPAT,B2,US 11442438 B2,11442438,11442438,2022-09-13,2019-07-26
688,US-PGPUB,A1,US 20200054216 A1,20200054216,20200054216,2020-02-20,2019-08-15
689,US-PGPUB,A1,US 20200050192 A1,20200050192,20200050192,2020-02-13,2018-08-09
690,USPAT,B2,US 10642265 B2,10642265,10642265,2020-05-05,2018-08-09
691,US-PGPUB,A1,US 20200048847 A1,20200048847,20200048847,2020-02-13,2019-08-09
692,USPAT,B2,US 11001979 B2,11001979,11001979,2021-05-11,2019-08-09
693,US-PGPUB,A1,US 20210404129 A1,20210404129,20210404129,2021-12-30,2021-05-10
694,USPAT,B2,US 11505903 B2,11505903,11505903,2022-11-22,2021-05-10
695,US-PGPUB,A1,US 20200050162 A1,20200050162,20200050162,2020-02-13,2018-08-10
696,USPAT,B2,US 11487264 B2,11487264,11487264,2022-11-01,2018-08-10
697,USPAT,B1,US 10558226 B1,10558226,10558226,2020-02-11,2016-08-22
698,US-PGPUB,A1,US 20200040556 A1,20200040556,20200040556,2020-02-06,2018-03-28
699,USPAT,B2,US 11566402 B2,11566402,11566402,2023-01-31,2018-03-28
700,US-PGPUB,A1,US 20230175238 A1,20230175238,20230175238,2023-06-08,2023-01-27
701,USPAT,B2,US 11920327 B2,11920327,11920327,2024-03-05,2023-01-27
702,US-PGPUB,A1,US 20200037359 A1,20200037359,20200037359,2020-01-30,2018-03-22
703,US-PGPUB,A1,US 20200035098 A1,20200035098,20200035098,2020-01-30,2019-07-08
704,USPAT,B2,US 10614709 B2,10614709,10614709,2020-04-07,2019-07-08
705,US-PGPUB,A1,US 20200168085 A1,20200168085,20200168085,2020-05-28,2020-01-30
706,USPAT,B2,US 10803745 B2,10803745,10803745,2020-10-13,2020-01-30
707,US-PGPUB,A1,US 20200402398 A1,20200402398,20200402398,2020-12-24,2020-09-08
708,USPAT,B2,US 11847913 B2,11847913,11847913,2023-12-19,2020-09-08
709,US-PGPUB,A1,US 20240071221 A1,20240071221,20240071221,2024-02-29,2023-11-08
710,USPAT,B2,US 12394311 B2,12394311,12394311,2025-08-19,2023-11-08
711,US-PGPUB,A1,US 20200020227 A1,20200020227,20200020227,2020-01-16,2019-07-08
712,US-PGPUB,A1,US 20260112267 A1,20260112267,20260112267,2026-04-23,2025-12-10
713,US-PGPUB,A1,US 20200019167 A1,20200019167,20200019167,2020-01-16,2018-07-10
714,USPAT,B2,US 11106208 B2,11106208,11106208,2021-08-31,2018-07-10
715,US-PGPUB,A1,US 20200004249 A1,20200004249,20200004249,2020-01-02,2019-09-10
716,US-PGPUB,A1,US 20190392712 A1,20190392712,20190392712,2019-12-26,2019-06-19
717,USPAT,B2,US 11842642 B2,11842642,11842642,2023-12-12,2019-06-19
718,US-PGPUB,A1,US 20190368133 A1,20190368133,20190368133,2019-12-05,2019-06-05
719,USPAT,B2,US 11098455 B2,11098455,11098455,2021-08-24,2019-06-05
720,USPAT,B1,US 10497250 B1,10497250,10497250,2019-12-03,2018-09-20
721,USPAT,B1,US 10943464 B1,10943464,10943464,2021-03-09,2019-10-30
722,US-PGPUB,A1,US 20210390624 A1,20210390624,20210390624,2021-12-16,2018-09-20
723,US-PGPUB,A1,US 20210398227 A1,20210398227,20210398227,2021-12-23,2021-09-03
724,US-PGPUB,A1,US 20190347931 A1,20190347931,20190347931,2019-11-14,2019-05-08
725,USPAT,B2,US 11495126 B2,11495126,11495126,2022-11-08,2019-05-08
726,US-PGPUB,A1,US 20230056023 A1,20230056023,20230056023,2023-02-23,2022-10-31
727,USPAT,B2,US 12555471 B2,12555471,12555471,2026-02-17,2022-10-31
728,US-PGPUB,A1,US 20190333378 A1,20190333378,20190333378,2019-10-31,2019-04-27
729,USPAT,B2,US 11094191 B2,11094191,11094191,2021-08-17,2019-04-27
730,US-PGPUB,A1,US 20190316902 A1,20190316902,20190316902,2019-10-17,2019-04-11
731,USPAT,B2,US 11262196 B2,11262196,11262196,2022-03-01,2019-04-11
732,US-PGPUB,A1,US 20220268578 A1,20220268578,20220268578,2022-08-25,2022-02-09
733,USPAT,B2,US 12007227 B2,12007227,12007227,2024-06-11,2022-02-09
734,US-PGPUB,A1,US 20190315343 A1,20190315343,20190315343,2019-10-17,2018-04-16
735,USPAT,B2,US 10589740 B2,10589740,10589740,2020-03-17,2018-04-16
736,US-PGPUB,A1,US 20190310891 A1,20190310891,20190310891,2019-10-10,2018-10-31
737,US-PGPUB,A1,US 20190354410 A1,20190354410,20190354410,2019-11-21,2019-08-05
738,USPAT,B2,US 10761894 B2,10761894,10761894,2020-09-01,2018-10-31
739,USPAT,B2,US 10929193 B2,10929193,10929193,2021-02-23,2019-08-05
740,US-PGPUB,A1,US 20190310636 A1,20190310636,20190310636,2019-10-10,2019-04-08
741,USPAT,B2,US 11561541 B2,11561541,11561541,2023-01-24,2019-04-08
742,US-PGPUB,A1,US 20190310650 A1,20190310650,20190310650,2019-10-10,2019-04-08
743,USPAT,B2,US 11467590 B2,11467590,11467590,2022-10-11,2019-04-08
744,US-PGPUB,A1,US 20190296971 A1,20190296971,20190296971,2019-09-26,2018-03-23
745,USPAT,B2,US 10778517 B2,10778517,10778517,2020-09-15,2018-03-23
746,US-PGPUB,A1,US 20200336374 A1,20200336374,20200336374,2020-10-22,2020-05-05
747,USPAT,B2,US 11082293 B2,11082293,11082293,2021-08-03,2020-05-05
748,US-PGPUB,A1,US 20190295125 A1,20190295125,20190295125,2019-09-26,2019-03-18
749,US-PGPUB,A1,US 20190286985 A1,20190286985,20190286985,2019-09-19,2019-03-14
750,US-PGPUB,A1,US 20190271957 A1,20190271957,20190271957,2019-09-05,2018-11-19
751,USPAT,B2,US 10635067 B2,10635067,10635067,2020-04-28,2018-11-19
752,US-PGPUB,A1,US 20190266502 A1,20190266502,20190266502,2019-08-29,2019-02-15
753,USPAT,B2,US 11442836 B2,11442836,11442836,2022-09-13,2019-02-15
754,US-PGPUB,A1,US 20230008791 A1,20230008791,20230008791,2023-01-12,2022-07-22
755,USPAT,B2,US 12386722 B2,12386722,12386722,2025-08-12,2022-07-22
756,US-PGPUB,A1,US 20190260794 A1,20190260794,20190260794,2019-08-22,2019-02-19
757,USPAT,B2,US 11546360 B2,11546360,11546360,2023-01-03,2019-02-19
758,USPAT,B1,US 10380498 B1,10380498,10380498,2019-08-13,2015-05-22
759,US-PGPUB,A1,US 20190244521 A1,20190244521,20190244521,2019-08-08,2019-02-05
760,USPAT,B2,US 10867512 B2,10867512,10867512,2020-12-15,2019-02-05
761,US-PGPUB,A1,US 20210118294 A1,20210118294,20210118294,2021-04-22,2020-10-21
762,USPAT,B2,US 11854391 B2,11854391,11854391,2023-12-26,2020-10-21
763,US-PGPUB,A1,US 20190222751 A1,20190222751,20190222751,2019-07-18,2019-03-27
764,USPAT,B2,US 10742874 B2,10742874,10742874,2020-08-11,2019-03-27
765,USPAT,B1,US 10353694 B1,10353694,10353694,2019-07-16,2018-01-12
766,USPAT,B1,US 10821971 B1,10821971,10821971,2020-11-03,2018-02-13
767,USPAT,B1,US 10831191 B1,10831191,10831191,2020-11-10,2018-03-26
768,US-PGPUB,A1,US 20210031756 A1,20210031756,20210031756,2021-02-04,2020-10-19
769,US-PGPUB,A1,US 20210041868 A1,20210041868,20210041868,2021-02-11,2020-10-23
770,USPAT,B1,US 11127290 B1,11127290,11127290,2021-09-21,2015-11-06
771,US-PGPUB,A1,US 20230053773 A1,20230053773,20230053773,2023-02-23,2022-10-27
772,USPAT,B2,US 11645064 B2,11645064,11645064,2023-05-09,2020-10-23
773,US-PGPUB,A1,US 20230251848 A1,20230251848,20230251848,2023-08-10,2023-04-13
774,USPAT,B2,US 12032945 B2,12032945,12032945,2024-07-09,2023-04-13
775,US-PGPUB,A1,US 20240362013 A1,20240362013,20240362013,2024-10-31,2024-07-08
776,USPAT,B2,US 12524219 B2,12524219,12524219,2026-01-13,2022-10-27
777,US-PGPUB,A1,US 20260133791 A1,20260133791,20260133791,2026-05-14,2025-12-29
778,US-PGPUB,A1,US 20190205340 A1,20190205340,20190205340,2019-07-04,2018-12-21
779,USPAT,B2,US 11074292 B2,11074292,11074292,2021-07-27,2018-12-21
780,US-PGPUB,A1,US 20190205241 A1,20190205241,20190205241,2019-07-04,2018-01-03
781,USPAT,B2,US 10817402 B2,10817402,10817402,2020-10-27,2018-01-03
782,US-PGPUB,A1,US 20190196432 A1,20190196432,20190196432,2019-06-27,2017-12-22
783,USPAT,B2,US 11199823 B2,11199823,11199823,2021-12-14,2017-12-22
784,US-PGPUB,A1,US 20190171983 A1,20190171983,20190171983,2019-06-06,2018-12-04
785,US-PGPUB,A1,US 20190171950 A1,20190171950,20190171950,2019-06-06,2019-02-10
786,US-PGPUB,A1,US 20190160677 A1,20190160677,20190160677,2019-05-30,2016-06-21
787,US-PGPUB,A1,US 20190160482 A1,20190160482,20190160482,2019-05-30,2018-10-31
788,USPAT,B2,US 11135611 B2,11135611,11135611,2021-10-05,2018-10-31
789,US-PGPUB,A1,US 20210394220 A1,20210394220,20210394220,2021-12-23,2021-09-06
790,US-PGPUB,A1,US 20210394219 A1,20210394219,20210394219,2021-12-23,2021-09-06
791,US-PGPUB,A1,US 20220062936 A1,20220062936,20220062936,2022-03-03,2021-09-06
792,USPAT,B2,US 11717843 B2,11717843,11717843,2023-08-08,2021-09-06
793,USPAT,B2,US 11724275 B2,11724275,11724275,2023-08-15,2021-09-06
794,USPAT,B2,US 11931754 B2,11931754,11931754,2024-03-19,2021-09-06
795,US-PGPUB,A1,US 20190160675 A1,20190160675,20190160675,2019-05-30,2017-11-27
796,USPAT,B2,US 11014238 B2,11014238,11014238,2021-05-25,2017-11-27
797,US-PGPUB,A1,US 20210260764 A1,20210260764,20210260764,2021-08-26,2021-05-11
798,USPAT,B2,US 12005586 B2,12005586,12005586,2024-06-11,2021-05-11
799,US-PGPUB,A1,US 20190156531 A1,20190156531,20190156531,2019-05-23,2019-01-16
800,USPAT,B2,US 10783680 B2,10783680,10783680,2020-09-22,2019-01-16
801,US-PGPUB,A1,US 20200402279 A1,20200402279,20200402279,2020-12-24,2020-08-21
802,USPAT,B2,US 11908048 B2,11908048,11908048,2024-02-20,2020-08-21
803,US-PGPUB,A1,US 20190126510 A1,20190126510,20190126510,2019-05-02,2017-04-11
804,USPAT,B2,US 11273575 B2,11273575,11273575,2022-03-15,2017-04-11
805,US-PGPUB,A1,US 20190129433 A1,20190129433,20190129433,2019-05-02,2017-04-07
806,USPAT,B2,US 11022976 B2,11022976,11022976,2021-06-01,2017-04-07
807,US-PGPUB,A1,US 20190128711 A1,20190128711,20190128711,2019-05-02,2018-11-02
808,USPAT,B2,US 11105662 B2,11105662,11105662,2021-08-31,2018-11-02
809,US-PGPUB,A1,US 20190118390 A1,20190118390,20190118390,2019-04-25,2018-09-27
810,USPAT,B2,US 11001319 B2,11001319,11001319,2021-05-11,2018-09-27
811,US-PGPUB,A1,US 20190112046 A1,20190112046,20190112046,2019-04-18,2018-03-27
812,USPAT,B2,US 11014667 B2,11014667,11014667,2021-05-25,2018-03-27
813,US-PGPUB,A1,US 20190108374 A1,20190108374,20190108374,2019-04-11,2018-10-11
814,USPAT,B2,US 11017189 B2,11017189,11017189,2021-05-25,2018-10-11
815,US-PGPUB,A1,US 20190096238 A1,20190096238,20190096238,2019-03-28,2018-09-19
816,US-PGPUB,A1,US 20200168081 A1,20200168081,20200168081,2020-05-28,2020-01-30
817,USPAT,B2,US 10692365 B2,10692365,10692365,2020-06-23,2018-09-19
818,USPAT,B2,US 11430328 B2,11430328,11430328,2022-08-30,2020-01-30
819,US-PGPUB,A1,US 20220343755 A1,20220343755,20220343755,2022-10-27,2022-05-11
820,USPAT,B2,US 11881101 B2,11881101,11881101,2024-01-23,2022-05-11
821,US-PGPUB,A1,US 20190096232 A1,20190096232,20190096232,2019-03-28,2018-06-26
822,USPAT,B2,US 11495118 B2,11495118,11495118,2022-11-08,2018-06-26
823,US-PGPUB,A1,US 20230109790 A1,20230109790,20230109790,2023-04-13,2022-10-20
824,USPAT,B2,US 11875665 B2,11875665,11875665,2024-01-16,2022-10-20
825,US-PGPUB,A1,US 20240185705 A1,20240185705,20240185705,2024-06-06,2023-12-08
826,US-PGPUB,A1,US 20190088148 A1,20190088148,20190088148,2019-03-21,2018-11-05
827,USPAT,B2,US 10909866 B2,10909866,10909866,2021-02-02,2018-11-05
828,US-PGPUB,A1,US 20210082297 A1,20210082297,20210082297,2021-03-18,2020-11-25
829,US-PGPUB,A1,US 20210082296 A1,20210082296,20210082296,2021-03-18,2020-11-25
830,US-PGPUB,A1,US 20210104165 A1,20210104165,20210104165,2021-04-08,2020-11-25
831,US-PGPUB,A1,US 20210110726 A1,20210110726,20210110726,2021-04-15,2020-11-25
832,US-PGPUB,A1,US 20210248915 A1,20210248915,20210248915,2021-08-12,2020-11-25
833,USPAT,B2,US 12046145 B2,12046145,12046145,2024-07-23,2020-11-25
834,USPAT,B2,US 12094355 B2,12094355,12094355,2024-09-17,2020-11-25
835,USPAT,B2,US 12112650 B2,12112650,12112650,2024-10-08,2020-11-25
836,USPAT,B2,US 12322294 B2,12322294,12322294,2025-06-03,2020-11-25
837,US-PGPUB,A1,US 20260120583 A1,20260120583,20260120583,2026-04-30,2025-12-22
838,USPAT,B1,US 10225005 B1,10225005,10225005,2019-03-05,2018-03-09
839,US-PGPUB,A1,US 20190061705 A1,20190061705,20190061705,2019-02-28,2018-08-29
840,USPAT,B2,US 10682989 B2,10682989,10682989,2020-06-16,2018-08-29
841,US-PGPUB,A1,US 20190050942 A1,20190050942,20190050942,2019-02-14,2017-12-22
842,US-PGPUB,A1,US 20200258163 A1,20200258163,20200258163,2020-08-13,2020-04-30
843,USPAT,B2,US 10776880 B2,10776880,10776880,2020-09-15,2017-12-22
844,USPAT,B2,US 10977740 B2,10977740,10977740,2021-04-13,2020-04-30
845,US-PGPUB,A1,US 20210192639 A1,20210192639,20210192639,2021-06-24,2021-03-10
846,USPAT,B2,US 11875410 B2,11875410,11875410,2024-01-16,2021-03-10
847,US-PGPUB,A1,US 20190049274 A1,20190049274,20190049274,2019-02-14,2017-11-22
848,USPAT,B2,US 10732011 B2,10732011,10732011,2020-08-04,2017-11-22
849,US-PGPUB,A1,US 20190041850 A1,20190041850,20190041850,2019-02-07,2018-08-06
850,USPAT,B2,US 11231709 B2,11231709,11231709,2022-01-25,2018-08-06
851,US-PGPUB,A1,US 20220147043 A1,20220147043,20220147043,2022-05-12,2022-01-24
852,US-PGPUB,A1,US 20190036594 A1,20190036594,20190036594,2019-01-31,2018-07-30
853,USPAT,B2,US 10727930 B2,10727930,10727930,2020-07-28,2018-07-30
854,US-PGPUB,A1,US 20190026886 A1,20190026886,20190026886,2019-01-24,2018-07-19
855,US-PGPUB,A1,US 20190043355 A1,20190043355,20190043355,2019-02-07,2018-07-19
856,USPAT,B2,US 11449050 B2,11449050,11449050,2022-09-20,2018-07-19
857,USPAT,B2,US 11467574 B2,11467574,11467574,2022-10-11,2018-07-19
858,USPAT,B1,US 10181161 B1,10181161,10181161,2019-01-15,2015-05-15
859,US-PGPUB,A1,US 20180374038 A1,20180374038,20180374038,2018-12-27,2017-12-20
860,USPAT,B2,US 11481714 B2,11481714,11481714,2022-10-25,2017-12-20
861,US-PGPUB,A1,US 20180375947 A1,20180375947,20180375947,2018-12-27,2018-06-22
862,USPAT,B2,US 10917483 B2,10917483,10917483,2021-02-09,2018-06-22
863,US-PGPUB,A1,US 20210136164 A1,20210136164,20210136164,2021-05-06,2021-01-07
864,USPAT,B2,US 11553055 B2,11553055,11553055,2023-01-10,2021-01-07
865,US-PGPUB,A1,US 20180358910 A1,20180358910,20180358910,2018-12-13,2016-09-20
866,USPAT,B2,US 10516351 B2,10516351,10516351,2019-12-24,2016-09-20
867,US-PGPUB,A1,US 20180354143 A1,20180354143,20180354143,2018-12-13,2018-06-11
868,US-PGPUB,A1,US 20210069918 A1,20210069918,20210069918,2021-03-11,2020-10-07
869,USPAT,B2,US 11260545 B2,11260545,11260545,2022-03-01,2020-10-07
870,US-PGPUB,A1,US 20180347752 A1,20180347752,20180347752,2018-12-06,2016-11-18
871,US-PGPUB,A1,US 20180341535 A1,20180341535,20180341535,2018-11-29,2018-05-15
872,USPAT,B2,US 10628253 B2,10628253,10628253,2020-04-21,2018-05-15
873,US-PGPUB,A1,US 20180330238 A1,20180330238,20180330238,2018-11-15,2018-05-09
874,US-PGPUB,A1,US 20240289625 A1,20240289625,20240289625,2024-08-29,2024-01-31
875,US-PGPUB,A1,US 20180321654 A1,20180321654,20180321654,2018-11-08,2017-05-04
876,USPAT,B2,US 10534337 B2,10534337,10534337,2020-01-14,2017-05-04
877,US-PGPUB,A1,US 20200209823 A1,20200209823,20200209823,2020-07-02,2019-12-16
878,USPAT,B2,US 11137732 B2,11137732,11137732,2021-10-05,2019-12-16
879,US-PGPUB,A1,US 20180283020 A1,20180283020,20180283020,2018-10-04,2017-03-30
880,USPAT,B1,US 10100541 B1,10100541,10100541,2018-10-16,2017-03-30
881,USPAT,B1,US 10081366 B1,10081366,10081366,2018-09-25,2016-05-04
882,US-PGPUB,A1,US 20180269091 A1,20180269091,20180269091,2018-09-20,2017-03-16
883,US-PGPUB,A1,US 20180342411 A1,20180342411,20180342411,2018-11-29,2018-07-17
884,US-PGPUB,A1,US 20180267562 A1,20180267562,20180267562,2018-09-20,2018-03-19
885,USPAT,B2,US 10372143 B2,10372143,10372143,2019-08-06,2018-03-19
886,US-PGPUB,A1,US 20180262571 A1,20180262571,20180262571,2018-09-13,2017-03-07
887,US-PGPUB,A1,US 20180239902 A1,20180239902,20180239902,2018-08-23,2017-02-21
888,USPAT,B2,US 10614222 B2,10614222,10614222,2020-04-07,2017-02-21
889,US-PGPUB,A1,US 20180160254 A1,20180160254,20180160254,2018-06-07,2017-03-09
890,US-PGPUB,A1,US 20180262862 A1,20180262862,20180262862,2018-09-13,2017-09-15
891,USPAT,B2,US 10303443 B2,10303443,10303443,2019-05-28,2017-03-09
892,USPAT,B2,US 10664242 B2,10664242,10664242,2020-05-26,2017-09-15
893,US-PGPUB,A1,US 20180143312 A1,20180143312,20180143312,2018-05-24,2017-11-14
894,US-PGPUB,A1,US 20180130322 A1,20180130322,20180130322,2018-05-10,2016-11-08
895,USPAT,B2,US 10354501 B2,10354501,10354501,2019-07-16,2016-11-08
896,US-PGPUB,A1,US 20180131592 A1,20180131592,20180131592,2018-05-10,2016-11-10
897,USPAT,B2,US 10574559 B2,10574559,10574559,2020-02-25,2016-11-10
898,US-PGPUB,A1,US 20200169493 A1,20200169493,20200169493,2020-05-28,2020-01-28
899,USPAT,B2,US 10999180 B2,10999180,10999180,2021-05-04,2020-01-28
900,US-PGPUB,A1,US 20180098137 A1,20180098137,20180098137,2018-04-05,2017-06-11
901,USPAT,B2,US 10880623 B2,10880623,10880623,2020-12-29,2017-06-11
902,US-PGPUB,A1,US 20180082414 A1,20180082414,20180082414,2018-03-22,2017-09-19
903,US-PGPUB,A1,US 20180082139 A1,20180082139,20180082139,2018-03-22,2016-09-22
904,US-PGPUB,A1,US 20180067842 A1,20180067842,20180067842,2018-03-08,2016-09-07
905,USPAT,B2,US 10372591 B2,10372591,10372591,2019-08-06,2016-09-07
906,USPAT,B1,US 9906413 B1,9906413,9906413,2018-02-27,2014-12-18
907,USPAT,B1,US 9898558 B1,9898558,9898558,2018-02-20,2017-04-20
908,US-PGPUB,A1,US 20180137216 A1,20180137216,20180137216,2018-05-17,2018-01-11
909,USPAT,B2,US 10146892 B2,10146892,10146892,2018-12-04,2018-01-11
910,US-PGPUB,A1,US 20180046696 A1,20180046696,20180046696,2018-02-15,2016-08-15
911,USPAT,B2,US 10169444 B2,10169444,10169444,2019-01-01,2016-08-15
912,US-PGPUB,A1,US 20180031142 A1,20180031142,20180031142,2018-02-01,2016-11-10
913,USPAT,B2,US 10962133 B2,10962133,10962133,2021-03-30,2016-11-10
914,USPAT,B1,US 12540687 B1,12540687,12540687,2026-02-03,2022-10-06
915,US-PGPUB,A1,US 20180012504 A1,20180012504,20180012504,2018-01-11,2017-07-11
916,USPAT,B2,US 10580310 B2,10580310,10580310,2020-03-03,2017-07-11
917,US-PGPUB,A1,US 20180012125 A1,20180012125,20180012125,2018-01-11,2017-05-31
918,USPAT,B2,US 11526744 B2,11526744,11526744,2022-12-13,2017-05-31
919,US-PGPUB,A1,US 20180004211 A1,20180004211,20180004211,2018-01-04,2016-06-30
920,USPAT,B2,US 10331141 B2,10331141,10331141,2019-06-25,2016-06-30
921,US-PGPUB,A1,US 20170370089 A1,20170370089,20170370089,2017-12-28,2016-01-13
922,USPAT,B2,US 10738456 B2,10738456,10738456,2020-08-11,2016-01-13
923,US-PGPUB,A1,US 20170345320 A1,20170345320,20170345320,2017-11-30,2017-06-12
924,USPAT,B1,US 9823658 B1,9823658,9823658,2017-11-21,2016-12-22
925,USPAT,B1,US 9965965 B1,9965965,9965965,2018-05-08,2017-04-05
926,US-PGPUB,A1,US 20180130361 A1,20180130361,20180130361,2018-05-10,2017-04-05
927,US-PGPUB,A1,US 20170323107 A1,20170323107,20170323107,2017-11-09,2017-07-27
928,USPAT,B1,US 9802661 B1,9802661,9802661,2017-10-31,2016-10-28
929,US-PGPUB,A1,US 20180134334 A1,20180134334,20180134334,2018-05-17,2017-09-27
930,USPAT,B2,US 10259514 B2,10259514,10259514,2019-04-16,2017-09-27
931,US-PGPUB,A1,US 20190225288 A1,20190225288,20190225288,2019-07-25,2019-03-29
932,USPAT,B2,US 11167812 B2,11167812,11167812,2021-11-09,2019-03-29
933,US-PGPUB,A1,US 20170308082 A1,20170308082,20170308082,2017-10-26,2017-02-10
934,USPAT,B2,US 9964948 B2,9964948,9964948,2018-05-08,2017-02-10
935,US-PGPUB,A1,US 20170300844 A1,20170300844,20170300844,2017-10-19,2017-04-07
936,USPAT,B1,US 9784599 B1,9784599,9784599,2017-10-10,2012-10-17
937,US-PGPUB,A1,US 20170279702 A1,20170279702,20170279702,2017-09-28,2016-06-01
938,USPAT,B2,US 10162698 B2,10162698,10162698,2018-12-25,2016-06-01
939,US-PGPUB,A1,US 20190095268 A1,20190095268,20190095268,2019-03-28,2018-11-29
940,USPAT,B2,US 10846167 B2,10846167,10846167,2020-11-24,2018-11-29
941,US-PGPUB,A1,US 20170259788 A1,20170259788,20170259788,2017-09-14,2016-03-09
942,USPAT,B1,US 9736699 B1,9736699,9736699,2017-08-15,2015-07-28
943,US-PGPUB,A1,US 20170225783 A1,20170225783,20170225783,2017-08-10,2017-02-03
944,USPAT,B2,US 10967970 B2,10967970,10967970,2021-04-06,2017-02-03
945,US-PGPUB,A1,US 20170220718 A1,20170220718,20170220718,2017-08-03,2016-02-01
946,USPAT,B2,US 10997329 B2,10997329,10997329,2021-05-04,2016-02-01
947,US-PGPUB,A1,US 20170206648 A1,20170206648,20170206648,2017-07-20,2017-01-20
948,USPAT,B2,US 10217207 B2,10217207,10217207,2019-02-26,2017-01-20
949,US-PGPUB,A1,US 20190206044 A1,20190206044,20190206044,2019-07-04,2019-01-11
950,USPAT,B2,US 10853931 B2,10853931,10853931,2020-12-01,2019-01-11
951,US-PGPUB,A1,US 20170182662 A1,20170182662,20170182662,2017-06-29,2016-12-02
952,US-PGPUB,A1,US 20170178417 A1,20170178417,20170178417,2017-06-22,2015-12-17
953,USPAT,B2,US 10521973 B2,10521973,10521973,2019-12-31,2015-12-17
954,US-PGPUB,A1,US 20170180201 A1,20170180201,20170180201,2017-06-22,2015-12-22
955,USPAT,B2,US 10044563 B2,10044563,10044563,2018-08-07,2015-12-22
956,US-PGPUB,A1,US 20180248754 A1,20180248754,20180248754,2018-08-30,2018-04-26
957,USPAT,B2,US 10547507 B2,10547507,10547507,2020-01-28,2018-04-26
958,US-PGPUB,A1,US 20170176190 A1,20170176190,20170176190,2017-06-22,2017-03-09
959,USPAT,B2,US 9921068 B2,9921068,9921068,2018-03-20,2017-03-09
960,US-PGPUB,A1,US 20180156618 A1,20180156618,20180156618,2018-06-07,2018-02-01
961,US-PGPUB,A1,US 20170169699 A1,20170169699,20170169699,2017-06-15,2017-01-17
962,USPAT,B2,US 9990836 B2,9990836,9990836,2018-06-05,2017-01-17
963,US-PGPUB,A1,US 20170147482 A1,20170147482,20170147482,2017-05-25,2015-11-20
964,USPAT,B2,US 9940222 B2,9940222,9940222,2018-04-10,2015-11-20
965,US-PGPUB,A1,US 20180196739 A1,20180196739,20180196739,2018-07-12,2018-03-09
966,US-PGPUB,A1,US 20170134974 A1,20170134974,20170134974,2017-05-11,2016-10-24
967,USPAT,B2,US 9961572 B2,9961572,9961572,2018-05-01,2016-10-24
968,US-PGPUB,A1,US 20170115826 A1,20170115826,20170115826,2017-04-27,2016-12-14
969,US-PGPUB,A1,US 20170087743 A1,20170087743,20170087743,2017-03-30,2016-12-09
970,USPAT,B2,US 10363684 B2,10363684,10363684,2019-07-30,2016-12-09
971,US-PGPUB,A1,US 20170089599 A1,20170089599,20170089599,2017-03-30,2016-07-17
972,US-PGPUB,A1,US 20170090484 A1,20170090484,20170090484,2017-03-30,2015-09-29
973,US-PGPUB,A1,US 20170080914 A1,20170080914,20170080914,2017-03-23,2015-09-17
974,US-PGPUB,A1,US 20170073071 A1,20170073071,20170073071,2017-03-16,2016-11-21
975,USPAT,B1,US 9575491 B1,9575491,9575491,2017-02-21,2015-09-03
976,US-PGPUB,A1,US 20170068244 A1,20170068244,20170068244,2017-03-09,2015-09-03
977,US-PGPUB,A1,US 20170041978 A1,20170041978,20170041978,2017-02-09,2016-10-25
978,US-PGPUB,A1,US 20170038407 A1,20170038407,20170038407,2017-02-09,2015-08-07
979,USPAT,B2,US 10444256 B2,10444256,10444256,2019-10-15,2015-08-07
980,US-PGPUB,A1,US 20170027045 A1,20170027045,20170027045,2017-01-26,2016-07-25
981,US-PGPUB,A1,US 20170011318 A1,20170011318,20170011318,2017-01-12,2016-01-07
982,US-PGPUB,A1,US 20160369629 A1,20160369629,20160369629,2016-12-22,2014-12-09
983,USPAT,B2,US 9995086 B2,9995086,9995086,2018-06-12,2014-12-09
984,US-PGPUB,A1,US 20160363543 A1,20160363543,20160363543,2016-12-15,2015-06-12
985,USPAT,B2,US 10168287 B2,10168287,10168287,2019-01-01,2015-06-12
986,US-PGPUB,A1,US 20190145909 A1,20190145909,20190145909,2019-05-16,2018-12-29
987,USPAT,B2,US 11009469 B2,11009469,11009469,2021-05-18,2018-12-29
988,US-PGPUB,A1,US 20160363932 A1,20160363932,20160363932,2016-12-15,2016-08-26
989,US-PGPUB,A1,US 20160331310 A1,20160331310,20160331310,2016-11-17,2015-01-05
990,USPAT,B2,US 10925536 B2,10925536,10925536,2021-02-23,2015-01-05
991,US-PGPUB,A1,US 20210169409 A1,20210169409,20210169409,2021-06-10,2021-02-22
992,USPAT,B1,US 9494940 B1,9494940,9494940,2016-11-15,2015-11-04
993,US-PGPUB,A1,US 20160328952 A1,20160328952,20160328952,2016-11-10,2016-07-19
994,USPAT,B2,US 9547977 B2,9547977,9547977,2017-01-17,2016-07-19
995,US-PGPUB,A1,US 20160330219 A1,20160330219,20160330219,2016-11-10,2016-05-04
996,US-PGPUB,A1,US 20220014547 A1,20220014547,20220014547,2022-01-13,2021-07-19
997,US-PGPUB,A1,US 20250133106 A1,20250133106,20250133106,2025-04-24,2024-07-30
998,US-PGPUB,A1,US 20160264223 A1,20160264223,20160264223,2016-09-15,2014-11-05
999,USPAT,B2,US 10315740 B2,10315740,10315740,2019-06-11,2014-11-05
1000,US-PGPUB,A1,US 20160267669 A1,20160267669,20160267669,2016-09-15,2016-03-09
1001,US-PGPUB,A1,US 20160250775 A1,20160250775,20160250775,2016-09-01,2014-09-30
1002,USPAT,B2,US 9789628 B2,9789628,9789628,2017-10-17,2014-09-30
1003,US-PGPUB,A1,US 20160238438 A1,20160238438,20160238438,2016-08-18,2013-11-22
1004,USPAT,B2,US 10228278 B2,10228278,10228278,2019-03-12,2013-11-22
1005,US-PGPUB,A1,US 20160189542 A1,20160189542,20160189542,2016-06-30,2015-11-24
1006,USPAT,B2,US 9652985 B2,9652985,9652985,2017-05-16,2015-11-24
1007,US-PGPUB,A1,US 20160146758 A1,20160146758,20160146758,2016-05-26,2014-11-24
1008,USPAT,B2,US 9746444 B2,9746444,9746444,2017-08-29,2014-11-24
1009,US-PGPUB,A1,US 20160109865 A1,20160109865,20160109865,2016-04-21,2014-05-29
1010,USPAT,B2,US 9302301 B2,9302301,9302301,2016-04-05,2006-12-19
1011,US-PGPUB,A1,US 20160065417 A1,20160065417,20160065417,2016-03-03,2015-10-28
1012,USPAT,B2,US 9716634 B2,9716634,9716634,2017-07-25,2015-10-28
1013,US-PGPUB,A1,US 20160052127 A1,20160052127,20160052127,2016-02-25,2015-01-07
1014,USPAT,B2,US 9623554 B2,9623554,9623554,2017-04-18,2015-01-07
1015,USPAT,B1,US 9266625 B1,9266625,9266625,2016-02-23,2013-04-09
1016,US-PGPUB,A1,US 20160096637 A1,20160096637,20160096637,2016-04-07,2015-12-11
1017,US-PGPUB,A1,US 20160010878 A1,20160010878,20160010878,2016-01-14,2015-07-14
1018,USPAT,B2,US 10451294 B2,10451294,10451294,2019-10-22,2015-07-14
1019,US-PGPUB,A1,US 20150370674 A1,20150370674,20150370674,2015-12-24,2014-06-19
1020,US-PGPUB,A1,US 20150369955 A1,20150369955,20150369955,2015-12-24,2015-01-13
1021,USPAT,B2,US 10324223 B2,10324223,10324223,2019-06-18,2015-01-13
1022,US-PGPUB,A1,US 20150353196 A1,20150353196,20150353196,2015-12-10,2015-06-09
1023,US-PGPUB,A1,US 20150332523 A1,20150332523,20150332523,2015-11-19,2015-05-19
1024,USPAT,B2,US 9537954 B2,9537954,9537954,2017-01-03,2015-05-19
1025,US-PGPUB,A1,US 20170124777 A1,20170124777,20170124777,2017-05-04,2016-12-29
1026,USPAT,B2,US 10140786 B2,10140786,10140786,2018-11-27,2016-12-29
1027,US-PGPUB,A1,US 20190028546 A1,20190028546,20190028546,2019-01-24,2018-09-12
1028,USPAT,B2,US 10805396 B2,10805396,10805396,2020-10-13,2018-09-12
1029,USPAT,B1,US 9162753 B1,9162753,9162753,2015-10-20,2013-12-31
1030,US-PGPUB,A1,US 20150241878 A1,20150241878,20150241878,2015-08-27,2014-02-25
1031,USPAT,B2,US 9720411 B2,9720411,9720411,2017-08-01,2014-02-25
1032,US-PGPUB,A1,US 20150219785 A1,20150219785,20150219785,2015-08-06,2013-05-20
1033,US-PGPUB,A1,US 20150212901 A1,20150212901,20150212901,2015-07-30,2014-01-27
1034,USPAT,B2,US 9430318 B2,9430318,9430318,2016-08-30,2014-01-27
1035,US-PGPUB,A1,US 20150205297 A1,20150205297,20150205297,2015-07-23,2015-04-01
1036,US-PGPUB,A1,US 20150198502 A1,20150198502,20150198502,2015-07-16,2015-01-13
1037,US-PGPUB,A1,US 20150186472 A1,20150186472,20150186472,2015-07-02,2013-12-26
1038,USPAT,B2,US 9569061 B2,9569061,9569061,2017-02-14,2013-12-26
1039,US-PGPUB,A1,US 20150181390 A1,20150181390,20150181390,2015-06-25,2015-03-06
1040,US-PGPUB,A1,US 20200053523 A1,20200053523,20200053523,2020-02-13,2019-10-17
1041,US-PGPUB,A1,US 20150140954 A1,20150140954,20150140954,2015-05-21,2014-12-22
1042,USPAT,B2,US 9094816 B2,9094816,9094816,2015-07-28,2014-12-22
1043,USPAT,B1,US 9019117 B1,9019117,9019117,2015-04-28,2012-09-29
1044,USPAT,B1,US 9245436 B1,9245436,9245436,2016-01-26,2014-08-21
1045,USPAT,B1,US 9508243 B1,9508243,9508243,2016-11-29,2015-12-13
1046,US-PGPUB,A1,US 20160358449 A1,20160358449,20160358449,2016-12-08,2015-12-13
1047,US-PGPUB,A1,US 20150067569 A1,20150067569,20150067569,2015-03-05,2013-11-15
1048,US-PGPUB,A1,US 20150066827 A1,20150066827,20150066827,2015-03-05,2013-09-05
1049,USPAT,B2,US 10346747 B2,10346747,10346747,2019-07-09,2013-11-15
1050,USPAT,B2,US 10346745 B2,10346745,10346745,2019-07-09,2013-09-05
1051,US-PGPUB,A1,US 20150040661 A1,20150040661,20150040661,2015-02-12,2013-08-11
1052,USPAT,B1,US 8949042 B1,8949042,8949042,2015-02-03,2014-04-02
1053,USPAT,B1,US 8892347 B1,8892347,8892347,2014-11-18,2013-06-01
1054,US-PGPUB,A1,US 20140358416 A1,20140358416,20140358416,2014-12-04,2013-06-01
1055,US-PGPUB,A1,US 20140336928 A1,20140336928,20140336928,2014-11-13,2014-05-12
1056,US-PGPUB,A1,US 20140320011 A1,20140320011,20140320011,2014-10-30,2014-04-29
1057,USPAT,B2,US 9277632 B2,9277632,9277632,2016-03-01,2014-04-29
1058,US-PGPUB,A1,US 20160212818 A1,20160212818,20160212818,2016-07-21,2016-01-21
1059,US-PGPUB,A1,US 20200245434 A1,20200245434,20200245434,2020-07-30,2019-11-27
1060,US-PGPUB,A1,US 20240334562 A1,20240334562,20240334562,2024-10-03,2023-12-26
1061,US-PGPUB,A1,US 20140316594 A1,20140316594,20140316594,2014-10-23,2013-04-17
1062,USPAT,B1,US 8866606 B1,8866606,8866606,2014-10-21,2013-09-10
1063,US-PGPUB,A1,US 20140233141 A1,20140233141,20140233141,2014-08-21,2014-02-19
1064,USPAT,B2,US 9413155 B2,9413155,9413155,2016-08-09,2014-02-19
1065,US-PGPUB,A1,US 20140236390 A1,20140236390,20140236390,2014-08-21,2013-02-20
1066,USPAT,B2,US 8880241 B2,8880241,8880241,2014-11-04,2013-02-20
1067,US-PGPUB,A1,US 20140189994 A1,20140189994,20140189994,2014-07-10,2013-01-07
1068,USPAT,B2,US 9440317 B2,9440317,9440317,2016-09-13,2013-01-07
1069,US-PGPUB,A1,US 20140163759 A1,20140163759,20140163759,2014-06-12,2013-12-20
1070,US-PGPUB,A1,US 20140145858 A1,20140145858,20140145858,2014-05-29,2011-09-22
1071,USPAT,B2,US 9697724 B2,9697724,9697724,2017-07-04,2011-09-22
1072,US-PGPUB,A1,US 20170206781 A1,20170206781,20170206781,2017-07-20,2017-04-05
1073,USPAT,B2,US 9767685 B2,9767685,9767685,2017-09-19,2017-04-05
1074,US-PGPUB,A1,US 20180025626 A1,20180025626,20180025626,2018-01-25,2017-09-01
1075,USPAT,B2,US 9928730 B2,9928730,9928730,2018-03-27,2017-09-01
1076,US-PGPUB,A1,US 20140142785 A1,20140142785,20140142785,2014-05-22,2013-10-04
1077,US-PGPUB,A1,US 20140115579 A1,20140115579,20140115579,2014-04-24,2012-10-19
1078,US-PGPUB,A1,US 20140104066 A1,20140104066,20140104066,2014-04-17,2013-10-11
1079,USPAT,B2,US 9466203 B2,9466203,9466203,2016-10-11,2013-10-11
1080,US-PGPUB,A1,US 20140104972 A1,20140104972,20140104972,2014-04-17,2013-10-11
1081,USPAT,B2,US 9550312 B2,9550312,9550312,2017-01-24,2013-10-11
1082,US-PGPUB,A1,US 20140047064 A1,20140047064,20140047064,2014-02-13,2013-04-16
1083,USPAT,B2,US 9467500 B2,9467500,9467500,2016-10-11,2013-04-16
1084,US-PGPUB,A1,US 20170019483 A1,20170019483,20170019483,2017-01-19,2016-09-27
1085,USPAT,B2,US 9800667 B2,9800667,9800667,2017-10-24,2016-09-27
1086,US-PGPUB,A1,US 20140006601 A1,20140006601,20140006601,2014-01-02,2012-07-02
1087,USPAT,B2,US 9069763 B2,9069763,9069763,2015-06-30,2012-07-02
1088,US-PGPUB,A1,US 20130304251 A1,20130304251,20130304251,2013-11-14,2012-05-11
1089,USPAT,B2,US 8943892 B2,8943892,8943892,2015-02-03,2012-05-11
1090,US-PGPUB,A1,US 20130153324 A1,20130153324,20130153324,2013-06-20,2012-10-11
1091,USPAT,B2,US 8950540 B2,8950540,8950540,2015-02-10,2012-10-11
1092,US-PGPUB,A1,US 20150217612 A1,20150217612,20150217612,2015-08-06,2015-02-09
1093,US-PGPUB,A1,US 20130154850 A1,20130154850,20130154850,2013-06-20,2013-02-14
1094,USPAT,B2,US 8581743 B2,8581743,8581743,2013-11-12,2013-02-14
1095,US-PGPUB,A1,US 20130155058 A1,20130155058,20130155058,2013-06-20,2012-12-12
1096,USPAT,B2,US 9070216 B2,9070216,9070216,2015-06-30,2012-12-12
1097,USPAT,B2,US 8457808 B2,8457808,8457808,2013-06-04,2008-07-16
1098,US-PGPUB,A1,US 20130110932 A1,20130110932,20130110932,2013-05-02,2012-12-13
1099,US-PGPUB,A1,US 20130097306 A1,20130097306,20130097306,2013-04-18,2011-10-18
1100,US-PGPUB,A1,US 20130073488 A1,20130073488,20130073488,2013-03-21,2012-08-20
1101,USPAT,B2,US 8725665 B2,8725665,8725665,2014-05-13,2012-08-20
1102,US-PGPUB,A1,US 20130066470 A1,20130066470,20130066470,2013-03-14,2011-12-21
1103,USPAT,B2,US 8831784 B2,8831784,8831784,2014-09-09,2011-12-21
1104,US-PGPUB,A1,US 20120296689 A1,20120296689,20120296689,2012-11-22,2012-05-03
1105,US-PGPUB,A1,US 20120213625 A1,20120213625,20120213625,2012-08-23,2012-02-20
1106,US-PGPUB,A1,US 20170088368 A1,20170088368,20170088368,2017-03-30,2015-11-04
1107,US-PGPUB,A1,US 20120215348 A1,20120215348,20120215348,2012-08-23,2011-02-19
1108,USPAT,B2,US 8805579 B2,8805579,8805579,2014-08-12,2011-02-19
1109,US-PGPUB,A1,US 20120126700 A1,20120126700,20120126700,2012-05-24,2011-11-18
1110,USPAT,B2,US 8786189 B2,8786189,8786189,2014-07-22,2011-11-18
1111,US-PGPUB,A1,US 20120087203 A1,20120087203,20120087203,2012-04-12,2010-10-11
1112,USPAT,B2,US 8807823 B2,8807823,8807823,2014-08-19,2010-10-11
1113,US-PGPUB,A1,US 20140313851 A1,20140313851,20140313851,2014-10-23,2014-07-03
1114,USPAT,B2,US 8950931 B2,8950931,8950931,2015-02-10,2014-07-03
1115,US-PGPUB,A1,US 20120089726 A1,20120089726,20120089726,2012-04-12,2010-11-19
1116,USPAT,B2,US 8645529 B2,8645529,8645529,2014-02-04,2010-11-19
1117,US-PGPUB,A1,US 20120040650 A1,20120040650,20120040650,2012-02-16,2011-10-20
1118,US-PGPUB,A1,US 20120035797 A1,20120035797,20120035797,2012-02-09,2009-11-27
1119,USPAT,B2,US 9164512 B2,9164512,9164512,2015-10-20,2009-11-27
1120,US-PGPUB,A1,US 20120033851 A1,20120033851,20120033851,2012-02-09,2011-04-22
1121,USPAT,B2,US 9014415 B2,9014415,9014415,2015-04-21,2011-04-22
1122,US-PGPUB,A1,US 20120022700 A1,20120022700,20120022700,2012-01-26,2011-09-27
1123,USPAT,B2,US 8731724 B2,8731724,8731724,2014-05-20,2011-09-27
1124,US-PGPUB,A1,US 20140245071 A1,20140245071,20140245071,2014-08-28,2014-05-08
1125,USPAT,B2,US 9639413 B2,9639413,9639413,2017-05-02,2014-05-08
1126,US-PGPUB,A1,US 20120001617 A1,20120001617,20120001617,2012-01-05,2011-07-01
1127,USPAT,B2,US 8659286 B2,8659286,8659286,2014-02-25,2011-07-01
1128,US-PGPUB,A1,US 20110320540 A1,20110320540,20110320540,2011-12-29,2010-06-25
1129,USPAT,B2,US 8285800 B2,8285800,8285800,2012-10-09,2010-06-25
1130,US-PGPUB,A1,US 20110238582 A1,20110238582,20110238582,2011-09-29,2010-03-23
1131,US-PGPUB,A1,US 20110192315 A1,20110192315,20110192315,2011-08-11,2011-02-10
1132,USPAT,B2,US 8505461 B2,8505461,8505461,2013-08-13,2011-02-10
1133,US-PGPUB,A1,US 20110185962 A1,20110185962,20110185962,2011-08-04,2011-01-26
1134,US-PGPUB,A1,US 20110178935 A1,20110178935,20110178935,2011-07-21,2009-10-06
1135,US-PGPUB,A1,US 20110178830 A1,20110178830,20110178830,2011-07-21,2011-01-20
1136,US-PGPUB,A1,US 20110139030 A1,20110139030,20110139030,2011-06-16,2011-02-23
1137,USPAT,B2,US 8327769 B2,8327769,8327769,2012-12-11,2011-02-23
1138,US-PGPUB,A1,US 20110106313 A1,20110106313,20110106313,2011-05-05,2009-04-20
1139,USPAT,B2,US 8924018 B2,8924018,8924018,2014-12-30,2009-04-20
1140,US-PGPUB,A1,US 20110066719 A1,20110066719,20110066719,2011-03-17,2008-01-31
1141,US-PGPUB,A1,US 20110067006 A1,20110067006,20110067006,2011-03-17,2009-09-11
1142,USPAT,B2,US 8527955 B2,8527955,8527955,2013-09-03,2009-09-11
1143,US-PGPUB,A1,US 20130283239 A1,20130283239,20130283239,2013-10-24,2013-06-21
1144,USPAT,B2,US 8924936 B2,8924936,8924936,2014-12-30,2013-06-21
1145,US-PGPUB,A1,US 20150067649 A1,20150067649,20150067649,2015-03-05,2014-10-09
1146,USPAT,B2,US 9176844 B2,9176844,9176844,2015-11-03,2014-10-09
1147,US-PGPUB,A1,US 20150378866 A1,20150378866,20150378866,2015-12-31,2015-09-03
1148,USPAT,B2,US 9442821 B2,9442821,9442821,2016-09-13,2015-09-03
1149,US-PGPUB,A1,US 20160328313 A1,20160328313,20160328313,2016-11-10,2016-07-21
1150,USPAT,B2,US 9753838 B2,9753838,9753838,2017-09-05,2016-07-21
1151,US-PGPUB,A1,US 20110054691 A1,20110054691,20110054691,2011-03-03,2010-05-06
1152,USPAT,B2,US 8812156 B2,8812156,8812156,2014-08-19,2010-05-06
1153,US-PGPUB,A1,US 20100280863 A1,20100280863,20100280863,2010-11-04,2007-12-20
1154,US-PGPUB,A1,US 20100277307 A1,20100277307,20100277307,2010-11-04,2009-05-01
1155,USPAT,B2,US 8138940 B2,8138940,8138940,2012-03-20,2009-05-01
1156,US-PGPUB,A1,US 20100223008 A1,20100223008,20100223008,2010-09-02,2008-01-16
1157,USPAT,B2,US 8315789 B2,8315789,8315789,2012-11-20,2008-01-16
1158,US-PGPUB,A1,US 20100082155 A1,20100082155,20100082155,2010-04-01,2007-09-20
1159,US-PGPUB,A1,US 20100082842 A1,20100082842,20100082842,2010-04-01,2009-09-30
1160,USPAT,B2,US 8631161 B2,8631161,8631161,2014-01-14,2009-09-30
1161,US-PGPUB,A1,US 20100070179 A1,20100070179,20100070179,2010-03-18,2008-09-17
1162,US-PGPUB,A1,US 20100057237 A1,20100057237,20100057237,2010-03-04,2008-09-02
1163,USPAT,B2,US 8494798 B2,8494798,8494798,2013-07-23,2008-09-02
1164,US-PGPUB,A1,US 20100049367 A1,20100049367,20100049367,2010-02-25,2009-04-17
1165,US-PGPUB,A1,US 20100021272 A1,20100021272,20100021272,2010-01-28,2008-07-24
1166,USPAT,B1,US 9546054 B1,9546054,9546054,2017-01-17,2014-09-29
1167,US-PGPUB,A1,US 20090326876 A1,20090326876,20090326876,2009-12-31,2009-06-24
1168,USPAT,B2,US 8706452 B2,8706452,8706452,2014-04-22,2009-06-24
1169,US-PGPUB,A1,US 20090320394 A1,20090320394,20090320394,2009-12-31,2005-11-04
1170,USPAT,B2,US 7614303 B2,7614303,7614303,2009-11-10,2007-03-27
1171,US-PGPUB,A1,US 20090260619 A1,20090260619,20090260619,2009-10-22,2008-04-20
1172,US-PGPUB,A1,US 20090216820 A1,20090216820,20090216820,2009-08-27,2007-05-11
1173,USPAT,B2,US 8429108 B2,8429108,8429108,2013-04-23,2007-05-11
1174,USPAT,B2,US 7549077 B2,7549077,7549077,2009-06-16,2005-04-22
1175,US-PGPUB,A1,US 20090114140 A1,20090114140,20090114140,2009-05-07,2007-11-05
1176,USPAT,B2,US 7926438 B2,7926438,7926438,2011-04-19,2007-11-05
1177,US-PGPUB,A1,US 20090073034 A1,20090073034,20090073034,2009-03-19,2008-05-19
1178,USPAT,B2,US 8195343 B2,8195343,8195343,2012-06-05,2008-05-19
1179,US-PGPUB,A1,US 20080281472 A1,20080281472,20080281472,2008-11-13,2008-03-03
1180,USPAT,B2,US 7904209 B2,7904209,7904209,2011-03-08,2008-03-03
1181,US-PGPUB,A1,US 20080247549 A1,20080247549,20080247549,2008-10-09,2008-02-13
1182,USPAT,B2,US 8121729 B2,8121729,8121729,2012-02-21,2008-02-13
1183,US-PGPUB,A1,US 20080217279 A1,20080217279,20080217279,2008-09-11,2006-10-17
1184,US-PGPUB,A1,US 20080202633 A1,20080202633,20080202633,2008-08-28,2007-02-28
1185,US-PGPUB,A1,US 20080209078 A1,20080209078,20080209078,2008-08-28,2008-02-04
1186,USPAT,B2,US 8276115 B2,8276115,8276115,2012-09-25,2008-02-04
1187,US-PGPUB,A1,US 20120291008 A1,20120291008,20120291008,2012-11-15,2012-07-25
1188,USPAT,B2,US 8640089 B2,8640089,8640089,2014-01-28,2012-07-25
1189,US-PGPUB,A1,US 20080195253 A1,20080195253,20080195253,2008-08-14,2008-02-04
1190,USPAT,B2,US 8127390 B2,8127390,8127390,2012-03-06,2008-02-04
1191,US-PGPUB,A1,US 20080130850 A1,20080130850,20080130850,2008-06-05,2006-11-30
1192,USPAT,B2,US 7912191 B2,7912191,7912191,2011-03-22,2006-11-30
1193,US-PGPUB,A1,US 20080114673 A1,20080114673,20080114673,2008-05-15,2006-11-14
1194,US-PGPUB,A1,US 20080022564 A1,20080022564,20080022564,2008-01-31,2006-07-31
1195,USPAT,B2,US 7627966 B2,7627966,7627966,2009-12-08,2006-07-31
1196,US-PGPUB,A1,US 20080016017 A1,20080016017,20080016017,2008-01-17,2006-07-11
1197,US-PGPUB,A1,US 20070288269 A1,20070288269,20070288269,2007-12-13,2007-03-28
1198,US-PGPUB,A1,US 20070271877 A1,20070271877,20070271877,2007-11-29,2005-02-14
1199,US-PGPUB,A1,US 20070241878 A1,20070241878,20070241878,2007-10-18,2006-06-22
1200,USPAT,B2,US 8077026 B2,8077026,8077026,2011-12-13,2006-06-22
1201,US-PGPUB,A1,US 20070214584 A1,20070214584,20070214584,2007-09-20,2006-03-14
1202,US-PGPUB,A1,US 20070174103 A1,20070174103,20070174103,2007-07-26,2006-01-24
1203,USPAT,B2,US 7474980 B2,7474980,7474980,2009-01-06,2006-01-24
1204,US-PGPUB,A1,US 20070093991 A1,20070093991,20070093991,2007-04-26,2005-10-20
1205,USPAT,B2,US 7312703 B2,7312703,7312703,2007-12-25,2005-10-20
1206,US-PGPUB,A1,US 20070035255 A1,20070035255,20070035255,2007-02-15,2006-04-20
1207,US-PGPUB,A1,US 20060287783 A1,20060287783,20060287783,2006-12-21,2006-05-24
1208,US-PGPUB,A1,US 20060237649 A1,20060237649,20060237649,2006-10-26,2006-03-22
1209,USPAT,B2,US 7485871 B2,7485871,7485871,2009-02-03,2006-03-22
1210,US-PGPUB,A1,US 20110174982 A1,20110174982,20110174982,2011-07-21,2009-01-30
1211,USPAT,B2,US 8309934 B2,8309934,8309934,2012-11-13,2009-01-30
1212,US-PGPUB,A1,US 20060235554 A1,20060235554,20060235554,2006-10-19,2005-04-15
1213,USPAT,B2,US 7873428 B2,7873428,7873428,2011-01-18,2005-04-15
1214,US-PGPUB,A1,US 20060217934 A1,20060217934,20060217934,2006-09-28,2005-03-05
1215,USPAT,B2,US 7243050 B2,7243050,7243050,2007-07-10,2005-03-05
1216,US-PGPUB,A1,US 20060208912 A1,20060208912,20060208912,2006-09-21,2005-03-14
1217,USPAT,B2,US 7253741 B2,7253741,7253741,2007-08-07,2005-03-14
1218,US-PGPUB,A1,US 20060174302 A1,20060174302,20060174302,2006-08-03,2005-02-01
1219,USPAT,B1,US 7080141 B1,7080141,7080141,2006-07-18,2002-04-12
1220,US-PGPUB,A1,US 20060277299 A1,20060277299,20060277299,2006-12-07,2006-05-26
1221,USPAT,B2,US 7509415 B2,7509415,7509415,2009-03-24,2006-05-26
1222,US-PGPUB,A1,US 20060142880 A1,20060142880,20060142880,2006-06-29,2005-12-14
1223,USPAT,B2,US 7403838 B2,7403838,7403838,2008-07-22,2005-12-14
1224,USPAT,B1,US 7066707 B1,7066707,7066707,2006-06-27,2002-03-01
1225,US-PGPUB,A1,US 20060123022 A1,20060123022,20060123022,2006-06-08,2005-09-12
1226,USPAT,B2,US 7657545 B2,7657545,7657545,2010-02-02,2005-09-12
1227,US-PGPUB,A1,US 20100094911 A1,20100094911,20100094911,2010-04-15,2009-12-15
1228,USPAT,B2,US 8051106 B2,8051106,8051106,2011-11-01,2009-12-15
1229,US-PGPUB,A1,US 20110295633 A1,20110295633,20110295633,2011-12-01,2011-08-03
1230,US-PGPUB,A1,US 20140136251 A1,20140136251,20140136251,2014-05-15,2014-01-22
1231,USPAT,B2,US 9361598 B2,9361598,9361598,2016-06-07,2014-01-22
1232,US-PGPUB,A1,US 20060048800 A1,20060048800,20060048800,2006-03-09,2005-09-09
1233,US-PGPUB,A1,US 20060053094 A1,20060053094,20060053094,2006-03-09,2004-09-03
1234,US-PGPUB,A1,US 20050259664 A1,20050259664,20050259664,2005-11-24,2004-05-19
1235,USPAT,B2,US 7031262 B2,7031262,7031262,2006-04-18,2004-05-19
1236,US-PGPUB,A1,US 20050246686 A1,20050246686,20050246686,2005-11-03,2004-07-30
1237,USPAT,B2,US 7631296 B2,7631296,7631296,2009-12-08,2004-07-30
1238,US-PGPUB,A1,US 20050204787 A1,20050204787,20050204787,2005-09-22,2005-03-11
1239,US-PGPUB,A1,US 20050114025 A1,20050114025,20050114025,2005-05-26,2004-10-27
1240,US-PGPUB,A1,US 20050027638 A1,20050027638,20050027638,2005-02-03,2003-07-30
1241,USPAT,B1,US 6836285 B1,6836285,6836285,2004-12-28,1999-09-03
1242,US-PGPUB,A1,US 20040232054 A1,20040232054,20040232054,2004-11-25,2004-04-26
1243,USPAT,B2,US 6972693 B2,6972693,6972693,2005-12-06,2004-04-26
1244,US-PGPUB,A1,US 20040233036 A1,20040233036,20040233036,2004-11-25,2004-05-21
1245,USPAT,B2,US 7119674 B2,7119674,7119674,2006-10-10,2004-05-21
1246,US-PGPUB,A1,US 20040133347 A1,20040133347,20040133347,2004-07-08,2003-12-08
1247,US-PGPUB,A1,US 20040113777 A1,20040113777,20040113777,2004-06-17,2003-12-01
1248,US-PGPUB,A1,US 20060049940 A1,20060049940,20060049940,2006-03-09,2005-11-01
1249,USPAT,B2,US 7030757 B2,7030757,7030757,2006-04-18,2003-12-01
1250,USPAT,B2,US 7750803 B2,7750803,7750803,2010-07-06,2005-11-01
1251,US-PGPUB,A1,US 20040093513 A1,20040093513,20040093513,2004-05-13,2002-11-07
1252,US-PGPUB,A1,US 20050028013 A1,20050028013,20050028013,2005-02-03,2004-08-31
1253,US-PGPUB,A1,US 20050044422 A1,20050044422,20050044422,2005-02-24,2004-08-31
1254,USPAT,B2,US 7451489 B2,7451489,7451489,2008-11-11,2004-08-31
1255,USPAT,B2,US 7454792 B2,7454792,7454792,2008-11-18,2004-08-31
1256,USPAT,B2,US 7454499 B2,7454499,7454499,2008-11-18,2002-11-07
1257,US-PGPUB,A1,US 20040076502 A1,20040076502,20040076502,2004-04-22,2003-11-06
1258,US-PGPUB,A1,US 20030221118 A1,20030221118,20030221118,2003-11-27,2003-03-28
1259,US-PGPUB,A1,US 20030167199 A1,20030167199,20030167199,2003-09-04,2002-03-01
1260,US-PGPUB,A1,US 20080059271 A1,20080059271,20080059271,2008-03-06,2007-06-28
1261,USPAT,B1,US 6598730 B1,6598730,6598730,2003-07-29,2001-12-10
1262,US-PGPUB,A1,US 20030101111 A1,20030101111,20030101111,2003-05-29,2001-11-26
1263,US-PGPUB,A1,US 20030091409 A1,20030091409,20030091409,2003-05-15,2002-07-12
1264,USPAT,B2,US 7419346 B2,7419346,7419346,2008-09-02,2002-07-12
1265,US-PGPUB,A1,US 20030071737 A1,20030071737,20030071737,2003-04-17,2001-10-16
1266,USPAT,B1,US 6507163 B1,6507163,6507163,2003-01-14,1993-12-20
1267,USPAT,B1,US 6491256 B1,6491256,6491256,2002-12-10,1999-09-23
1268,US-PGPUB,A1,US 20020164236 A1,20020164236,20020164236,2002-11-07,2002-04-26
1269,USPAT,B2,US 6659704 B2,6659704,6659704,2003-12-09,2002-04-26
1270,US-PGPUB,A1,US 20020160688 A1,20020160688,20020160688,2002-10-31,2002-01-25
1271,USPAT,B2,US 6840839 B2,6840839,6840839,2005-01-11,2002-01-25
1272,US-PGPUB,A1,US 20020139309 A1,20020139309,20020139309,2002-10-03,2002-04-01
1273,USPAT,B2,US 6742474 B2,6742474,6742474,2004-06-01,2002-04-01
1274,US-PGPUB,A1,US 20020127895 A1,20020127895,20020127895,2002-09-12,2002-03-01
1275,USPAT,B2,US 6575771 B2,6575771,6575771,2003-06-10,2002-03-01
1276,US-PGPUB,A1,US 20020113877 A1,20020113877,20020113877,2002-08-22,2002-02-20
1277,USPAT,B2,US 7002462 B2,7002462,7002462,2006-02-21,2002-02-20
1278,USPAT,B1,US 6377181 B1,6377181,6377181,2002-04-23,2001-02-05
1279,US-PGPUB,A1,US 20020130781 A1,20020130781,20020130781,2002-09-19,2002-01-30
1280,USPAT,B2,US 7126486 B2,7126486,7126486,2006-10-24,2002-01-30
1281,USPAT,B1,US 6340977 B1,6340977,6340977,2002-01-22,1999-05-07
1282,US-PGPUB,A1,US 20020118220 A1,20020118220,20020118220,2002-08-29,2001-11-20
1283,USPAT,B2,US 7047498 B2,7047498,7047498,2006-05-16,2001-11-20
1284,US-PGPUB,A1,US 20070050719 A1,20070050719,20070050719,2007-03-01,2006-03-22
1285,USPAT,B2,US 7861178 B2,7861178,7861178,2010-12-28,2006-03-22
1286,USPAT,B1,US 6330587 B1,6330587,6330587,2001-12-11,1998-12-21
1287,US-PGPUB,A1,US 20020188654 A1,20020188654,20020188654,2002-12-12,2001-08-23
1288,US-PGPUB,A1,US 20010020429 A1,20010020429,20010020429,2001-09-13,2000-12-05
1289,USPAT,B1,US 6431078 B1,6431078,6431078,2002-08-13,2000-12-05
1290,US-PGPUB,A1,US 20010018005 A1,20010018005,20010018005,2001-08-30,2001-02-09
1291,USPAT,B2,US 6511247 B2,6511247,6511247,2003-01-28,2001-02-09
1292,USPAT,A,US 5999757 A,5999757,5999757,1999-12-07,1997-05-15
1293,USPAT,A,US 5990800 A,5990800,5990800,1999-11-23,1997-06-20
1294,USPAT,A,US 5987990 A,5987990,5987990,1999-11-23,1997-11-04
1295,USPAT,A,US 5950543 A,5950543,5950543,1999-09-14,1997-10-10
1296,USPAT,A,US 5938561 A,5938561,5938561,1999-08-17,1997-07-25
1297,USPAT,A,US 5903629 A,5903629,5903629,1999-05-11,1996-10-15
1298,USPAT,A,US 5813599 A,5813599,5813599,1998-09-29,1996-11-19
1299,USPAT,A,US 5781108 A,5781108,5781108,1998-07-14,1995-11-14
1300,USPAT,A,US 5716243 A,5716243,5716243,1998-02-10,1996-04-03
1301,USPAT,A,US 5706735 A,5706735,5706735,1998-01-13,1996-11-12
1302,USPAT,A,US 5656904 A,5656904,5656904,1997-08-12,1995-09-28
1303,USPAT,A,US 5559894 A,5559894,5559894,1996-09-24,1993-06-28
1304,USPAT,A,US 5519223 A,5519223,5519223,1996-05-21,1994-03-03
1305,USPAT,A,US 5448604 A,5448604,5448604,1995-09-05,1994-05-31
1306,USPAT,A,US 5416906 A,5416906,5416906,1995-05-16,1994-03-22
1307,USPAT,A,US 5403996 A,5403996,5403996,1995-04-04,1994-02-25
1308,USPAT,A,US 5796073 A,5796073,5796073,1998-08-18,1997-07-15
1309,USPAT,A,US 5381332 A,5381332,5381332,1995-01-10,1991-12-09
1310,USPAT,A,US 5305641 A,5305641,5305641,1994-04-26,1991-09-16
1311,USPAT,A,US 5237519 A,5237519,5237519,1993-08-17,1990-11-13
1312,USPAT,A,US 5233342 A,5233342,5233342,1993-08-03,1991-02-20
1313,USPAT,A,US 5215100 A,5215100,5215100,1993-06-01,1991-04-29
1314,USPAT,A,US 5145637 A,5145637,5145637,1992-09-08,1991-08-19
1315,USPAT,A,US 5009545 A,5009545,5009545,1991-04-23,1990-07-20
1316,USPAT,A,US 4960249 A,4960249,4960249,1990-10-02,1989-05-24
1317,USPAT,A,US 4954005 A,4954005,4954005,1990-09-04,1989-07-25
1318,USPAT,A,US 4938654 A,4938654,4938654,1990-07-03,1988-01-28
1319,USPAT,A,US 4936529 A,4936529,4936529,1990-06-26,1988-12-29
1320,USPAT,A,US 4894103 A,4894103,4894103,1990-01-16,1988-05-26
1321,USPAT,A,US 4870592 A,4870592,4870592,1989-09-26,1988-02-01
1322,USPAT,A,US 4818169 A,4818169,4818169,1989-04-04,1985-05-17
1323,USPAT,A,US 4814283 A,4814283,4814283,1989-03-21,1988-04-08
1324,USPAT,A,US 4645637 A,4645637,4645637,1987-02-24,1985-02-07
1325,USPAT,A,US 4560968 A,4560968,4560968,1985-12-24,1984-10-25
1326,USPAT,A,US 4550376 A,4550376,4550376,1985-10-29,1983-02-14
1327,USPAT,A,US 4789947 A,4789947,4789947,1988-12-06,1985-10-25
1328,USPAT,A,US 4497242 A,4497242,4497242,1985-02-05,1982-02-11
1329,USPAT,A,US 4497031 A,4497031,4497031,1985-01-29,1982-07-26
1330,USPAT,A,US 4110620 A,4110620,4110620,1978-08-29,1975-03-10
1331,USPAT,A,US 3952699 A,3952699,3952699,1976-04-27,1974-03-19
1332,USPAT,A,US 3790091 A,3790091,3790091,1974-02-05,1971-06-07
1333,USPAT,A,US 3747085 A,3747085,3747085,1973-07-17,1971-11-03
